"Data Source","World Development Indicators",

"Last Updated Date","2026-07-13",

"Country Name","Country Code","Indicator Name","Indicator Code","1960","1961","1962","1963","1964","1965","1966","1967","1968","1969","1970","1971","1972","1973","1974","1975","1976","1977","1978","1979","1980","1981","1982","1983","1984","1985","1986","1987","1988","1989","1990","1991","1992","1993","1994","1995","1996","1997","1998","1999","2000","2001","2002","2003","2004","2005","2006","2007","2008","2009","2010","2011","2012","2013","2014","2015","2016","2017","2018","2019","2020","2021","2022","2023","2024","2025",
"Aruba","ABW","Population ages 15-64, female","SP.POP.1564.FE.IN","15424","15714","16032","16357","16683","17016","17338","17542","17623","17672","17705","17740","17695","18034","18312","18549","18833","19151","19433","19768","20170","20468","20734","21089","21366","21040","20517","20342","20463","20855","21562","22462","23491","25246","26761","27832","29372","30874","31910","32558","33012","33378","33674","34121","34916","35879","36545","36805","37049","37259","37326","37675","38323","38891","39215","39454","39541","39324","39166","39049","38624","38104","37729","37473","37416","37412",
"Africa Eastern and Southern","AFE","Population ages 15-64, female","SP.POP.1564.FE.IN","34994342","35874295","36799158","37742617","38727601","39747601","40787287","41870390","43003979","44171350","45366148","46574124","47785554","49082944","50487167","51941123","53432725","54936503","56626513","58452005","60236054","62142275","64207929","66324100","68481067","70668477","72867430","75112787","77364601","79651979","82050991","84454956","86895793","89207970","91895475","94920460","97712071","100393714","103146573","106127433","109143044","112234861","115415762","118662186","122006694","125436078","128954584","132615525","136465744","140481606","144668625","148981295","153452928","158148753","162923666","167857539","172908374","178209372","183895534","189713819","195690291","201762203","207855415","213943465","220083888","226509666",
"Afghanistan","AFG","Population ages 15-64, female","SP.POP.1564.FE.IN","2343123","2393988","2448706","2505382","2561847","2616366","2669918","2725512","2783636","2843712","2906690","2970786","3036741","3106985","3178441","3247912","3312301","3375005","3436286","3443391","3318231","3006103","2770306","2757874","2838057","2913935","2921772","2917027","2951753","3037381","3075106","3116083","3369899","3774942","4081855","4260324","4405353","4544942","4688338","4836565","4869075","4885963","5135248","5452871","5651143","5861374","6123504","6268595","6444082","6725776","6973985","7287782","7643141","7966753","8323709","8655688","8949953","9278176","9626298","9989948","10380376","10697796","10915748","11208054","11585684","11965486",
"Africa Western and Central","AFW","Population ages 15-64, female","SP.POP.1564.FE.IN","27096259","27633540","28172378","28707583","29243626","29812524","30417019","31042221","31692970","32376784","33090273","33808042","34545576","35325388","36148613","37016051","37902917","38826026","39803528","40825095","41874654","42961094","44115655","45217600","46281685","47437800","48669219","49964789","51331938","52780028","54238336","55759789","57421469","59115205","60852755","62701258","64587269","66505053","68510930","70543149","72604819","74720269","76873123","79075625","81343401","83665132","86005748","88392748","90888995","93479715","96130833","98872600","101646721","104467695","107420499","110483970","113719358","117113729","120579132","124107865","127786012","131615179","135564329","139782782","144155436","148502207",
"Angola","AGO","Population ages 15-64, female","SP.POP.1564.FE.IN","1454598","1459699","1460838","1460557","1458111","1455688","1455021","1455892","1458448","1462522","1474094","1502655","1552228","1615598","1682978","1752347","1822975","1898008","1978311","2061532","2149295","2240644","2335046","2434212","2536002","2637164","2735348","2830194","2925557","3023253","3122897","3221707","3320161","3422294","3530649","3644376","3762772","3888474","4020411","4158163","4302719","4454916","4615008","4782769","4960006","5145472","5338546","5540738","5750427","5967714","6196615","6437983","6688962","6947901","7207202","7465851","7736306","8018667","8306219","8602176","8899212","9201282","9515193","9837983","10173997","10522429",
"Albania","ALB","Population ages 15-64, female","SP.POP.1564.FE.IN","422330","431482","442654","454782","467615","480320","492713","505547","520344","537056","553722","571032","589922","609132","629125","650383","672213","694990","716821","738736","761898","784692","808822","833616","858411","881441","903371","927830","950844","980547","1002030","1000157","998516","996906","995731","994323","993125","993431","995118","997378","999776","998531","1002337","1004368","1005452","1005322","1003663","1000549","997525","995954","996466","999985","990181","977904","963889","949416","934924","919528","903095","885669","867936","849961","831908","813477","796143","780793",
"Andorra","AND","Population ages 15-64, female","SP.POP.1564.FE.IN","3077","3312","3553","3798","4047","4301","4566","4863","5203","5580","5993","6437","6909","7414","7944","8491","9044","9602","10163","10717","11268","11829","12453","13144","13857","14558","15348","16035","16667","17177","17807","19186","20539","21630","22134","21975","22065","22347","22564","22617","22540","22567","22743","23846","25683","26813","27568","28373","28925","29014","28035","27184","26843","26284","25858","25418","25464","26003","26518","27007","27262","27474","27873","28279","28623","28850",
"Arab World","ARB","Population ages 15-64, female","SP.POP.1564.FE.IN","24323419","24836809","25373215","25931177","26511112","27119096","27788456","28532860","29331131","30172863","31033485","31906910","32802460","33746941","34744957","35822192","36964978","38146745","39462269","40913139","42396108","43829213","45269770","46776818","48347364","49956000","51592306","53258772","54887130","56538337","58616453","60267690","62132445","64215454","66374967","68492209","70640329","72858162","75201106","77630249","80104680","82608854","85161558","87738829","90369072","93079875","95883082","98837022","101761292","104578577","106972064","109509739","112013989","114632765","117051060","119694323","122401046","125021168","127610854","130470383","133684074","136286432","139920326","143745500","147436392","151154150",
"United Arab Emirates","ARE","Population ages 15-64, female","SP.POP.1564.FE.IN","27357","28494","29664","30844","32036","33246","34447","35611","38122","42622","47942","53665","59795","66300","73106","80116","90509","104672","119695","135465","151814","168033","184330","201393","219040","237083","254052","270874","289739","310415","332619","356034","380339","405294","430836","457574","497998","553104","611403","671703","732793","793516","853086","910798","966096","1019560","1104067","1268150","1460820","1595485","1678824","1784641","1895968","1991949","2094875","2220096","2344381","2432370","2475790","2513925","2515598","2576970","2723687","2848938","3003895","3162251",
"Argentina","ARG","Population ages 15-64, female","SP.POP.1564.FE.IN","6460199","6574258","6690731","6809770","6928444","7047567","7168755","7290920","7413466","7535351","7656147","7776296","7896254","8015221","8133088","8244875","8347863","8447322","8545313","8643451","8743066","8846119","8956863","9078126","9207522","9341157","9478041","9619234","9765483","9915108","10065774","10213901","10361767","10512882","10666572","10822476","10979454","11136786","11293339","11449013","11602806","11755333","11908811","12064072","12220596","12378889","12538156","12695529","12853017","13010625","13165051","13314271","13455889","13591575","13727723","13863451","13992812","14116487","14236784","14354853","14470736","14579083","14687337","14809317","14937048","15064283",
"Armenia","ARM","Population ages 15-64, female","SP.POP.1564.FE.IN","557444","566699","579274","594684","611513","629141","647587","666683","686347","706516","726953","749265","774614","802271","831859","862887","902678","950993","999866","1032545","1048323","1062977","1075783","1086561","1097241","1108314","1118861","1128928","1136118","1165989","1200476","1214692","1184145","1123878","1082423","1059448","1051867","1045053","1050685","1067961","1116113","1134191","1141465","1143775","1145831","1148827","1153027","1157700","1161799","1164111","1163530","1159526","1155522","1149984","1140966","1130379","1117710","1104728","1093219","1083130","1076080","1070683","1067803","1062433","1080901","1089584",
"American Samoa","ASM","Population ages 15-64, female","SP.POP.1564.FE.IN","4735","4881","5057","5235","5414","5590","5763","5933","6113","6313","6527","6759","7000","7232","7450","7668","7893","8132","8378","8632","8927","9284","9670","10071","10495","10938","11389","11846","12318","12797","13198","13499","13774","14048","14327","14608","14899","15199","15507","15824","16066","16203","16293","16357","16417","16482","16552","16628","16699","16756","16813","16858","16842","16757","16621","16453","16266","16075","15880","15673","15602","15545","15355","15121","14890","14709",
"Antigua and Barbuda","ATG","Population ages 15-64, female","SP.POP.1564.FE.IN","16502","16757","16941","17106","17175","17183","17229","17299","17407","17565","17829","18131","18375","18605","18858","19159","19502","19867","20239","20598","20935","21248","21534","21798","21821","21545","21206","20871","20527","20172","19837","19888","20433","21103","21777","22465","23171","23893","24603","25274","25893","26458","26971","27440","27908","28432","28985","29544","30122","30699","31249","31756","32225","32636","32977","33290","33550","33744","33918","34055","34150","34224","34276","34330","34380","34368",
"Australia","AUS","Population ages 15-64, female","SP.POP.1564.FE.IN","3070747","3130449","3216942","3289830","3363732","3440721","3532798","3593122","3673624","3764871","3852157","3997629","4082928","4159410","4285724","4361404","4429347","4504292","4580266","4650478","4724215","4811559","4907279","4988769","5065903","5151815","5246379","5347005","5451024","5554081","5641555","5713249","5774954","5823882","5879439","5948548","6029245","6106664","6180444","6261589","6347258","6441080","6525884","6612752","6693450","6783526","6881347","7010116","7151827","7297188","7403860","7492961","7602383","7712059","7810158","7905717","8010861","8123340","8221803","8315544","8379007","8351322","8436235","8624432","8769398","8871119",
"Austria","AUT","Population ages 15-64, female","SP.POP.1564.FE.IN","2476914","2464248","2458059","2455106","2449041","2440878","2433925","2428624","2420832","2411594","2407102","2409112","2416499","2426176","2430187","2427604","2432342","2444930","2456389","2467863","2486625","2516808","2545640","2570011","2590489","2597788","2596571","2591179","2584516","2585465","2594965","2611090","2632572","2648133","2652286","2652985","2657851","2665758","2674432","2686524","2700619","2718378","2739357","2760284","2775810","2783332","2787795","2794425","2804770","2812453","2823107","2837242","2847099","2856710","2870706","2891693","2912000","2924523","2931993","2937733","2940627","2940960","2954468","2967936","2965191","2955537",
"Azerbaijan","AZE","Population ages 15-64, female","SP.POP.1564.FE.IN","1169402","1179765","1186626","1200423","1224015","1248381","1275451","1303837","1334746","1369601","1407292","1450016","1496777","1546522","1599679","1654600","1713441","1777285","1847158","1908999","1957530","2006119","2050659","2090428","2134350","2178428","2220556","2264600","2296641","2314093","2328318","2347404","2375889","2405415","2442609","2487815","2535159","2588092","2648013","2708104","2762017","2815651","2869206","2923446","2978967","3037491","3098969","3162369","3260232","3361021","3426443","3483660","3525491","3550278","3568677","3584036","3588237","3585994","3594033","3610643","3625958","3636054","3629401","3625453","3635472","3643908",
"Burundi","BDI","Population ages 15-64, female","SP.POP.1564.FE.IN","751258","769046","786819","799217","821050","845231","867905","891733","913290","931605","950004","972544","962489","952808","979813","1004325","1024441","1050387","1081875","1104956","1159997","1212511","1232900","1257995","1278569","1294520","1305451","1327112","1348890","1365414","1386269","1409651","1450861","1349927","1356192","1499910","1487422","1478954","1524527","1583172","1631650","1690965","1756561","1829855","1918851","2005063","2085479","2167756","2266137","2391675","2502438","2578746","2655291","2733836","2809336","2837399","2845886","2896807","2993340","3115486","3229541","3345172","3470581","3607547","3747263","3889154",
"Belgium","BEL","Population ages 15-64, female","SP.POP.1564.FE.IN","2979615","2976928","2979103","2992962","3010551","3025628","3034723","3041912","3048550","3054463","3055740","3060941","3074171","3088120","3106723","3127482","3146552","3162706","3176827","3192048","3211202","3232778","3257584","3284224","3303880","3311858","3312968","3312684","3316279","3318321","3315823","3314355","3316216","3320903","3324896","3326148","3326622","3328162","3329521","3333127","3338140","3347790","3362934","3378655","3395071","3418293","3450463","3485638","3517270","3542430","3568461","3605298","3615160","3620431","3623921","3631376","3637855","3640842","3646239","3655461","3663482","3674474","3697797","3720406","3736891","3755288",
"Benin","BEN","Population ages 15-64, female","SP.POP.1564.FE.IN","741262","750685","759385","767712","776401","785516","795351","805864","817193","829321","842293","856137","870963","886922","904107","922654","942890","964852","988249","1013014","1039122","1066501","1095075","1124861","1155994","1188634","1222851","1258673","1296062","1335290","1376428","1419255","1463827","1543909","1607683","1630222","1669857","1721102","1778193","1838207","1900443","1964531","2030415","2098207","2167517","2245647","2321213","2390025","2464571","2544090","2626454","2709042","2793206","2878735","2967011","3058268","3151550","3247477","3346358","3448317","3553291","3661069","3771599","3884522","3998199","4113175",
"Burkina Faso","BFA","Population ages 15-64, female","SP.POP.1564.FE.IN","1344442","1367384","1389433","1408640","1425856","1444110","1463533","1483892","1505350","1527584","1550803","1574352","1598348","1623640","1650805","1680021","1711430","1746099","1783272","1822173","1863452","1906468","1951118","1998547","2048036","2098150","2147840","2197337","2248180","2301167","2356652","2412457","2470024","2532845","2601002","2673536","2748429","2826568","2913708","3010051","3111779","3218772","3329973","3443884","3560403","3679099","3797750","3913432","4026149","4140203","4258154","4382146","4514695","4653471","4798480","4950676","5109776","5274478","5442859","5616208","5799004","5991303","6188655","6392069","6601436","6816017",
"Bangladesh","BGD","Population ages 15-64, female","SP.POP.1564.FE.IN","13454833","13799167","14153724","14498858","14834955","15194732","15580630","15987207","16412649","16829595","17225866","17647816","18084849","18555673","19046694","19537514","20063689","20594143","21123598","21650756","22178131","22751266","23390429","24058038","24739690","25435774","26155871","26918956","27711148","28513816","29330261","30159023","31016759","31910358","32846832","33831408","34854772","35914220","36990937","38077889","39151579","40143982","41065602","41961794","42844686","43718903","44567567","45383133","46170511","46955314","47751874","48594991","49510311","50466107","51437864","52403731","53352585","54095059","54639881","55193608","55761294","56335986","57115062","58068002","58960050","59808725",
"Bulgaria","BGR","Population ages 15-64, female","SP.POP.1564.FE.IN","2607101","2635303","2664736","2694728","2726917","2754313","2776275","2799007","2821090","2840175","2856016","2869125","2879851","2890642","2901593","2906857","2912016","2918085","2919788","2920403","2921654","2933733","2957887","2985139","3005454","3009346","3006578","3003815","3001561","2965784","2914123","2888635","2864217","2847338","2843417","2837404","2829597","2819847","2807752","2795650","2785407","2738795","2688682","2675527","2662950","2647843","2628601","2605586","2579452","2551465","2519284","2483374","2447364","2376404","2326110","2276364","2228652","2183212","2138413","2095172","2065526","2048135","2031957","2021406","2015121","2008154",
"Bahrain","BHR","Population ages 15-64, female","SP.POP.1564.FE.IN","40269","41896","43494","45007","46403","47708","48980","50281","50430","49439","48557","49030","51321","54239","57341","60606","64003","67516","71132","74821","78549","82339","86272","90340","94508","98774","103112","107491","111833","116059","120176","117551","121327","125759","130468","135338","140401","145739","151294","156908","162538","169658","183209","198351","215083","233432","253656","275960","294418","315883","329298","318032","319594","333906","354827","368732","376625","390914","392774","389718","389135","405471","412022","424059","428244","432096",
"Bahamas, The","BHS","Population ages 15-64, female","SP.POP.1564.FE.IN","33153","34577","36066","37611","39206","40890","42703","44655","46755","48916","50848","52502","54036","55525","57066","58728","60543","62498","64552","66678","68896","71113","73289","75512","77758","80038","82308","84486","86608","88713","90685","92553","94401","96186","97909","99573","101199","102790","104364","105922","107583","109217","110815","112617","114553","116469","118587","121097","123610","125879","128096","130211","132048","133737","135340","136850","138297","139683","141000","142209","143096","143781","144735","145869","146848","147547",
"Bosnia and Herzegovina","BIH","Population ages 15-64, female","SP.POP.1564.FE.IN","1026994","1044322","1059956","1075941","1091797","1107339","1123593","1141582","1161988","1184093","1206393","1228200","1249422","1270200","1290670","1310718","1330110","1348818","1367220","1385895","1405292","1427403","1451845","1474694","1494095","1510045","1523006","1533685","1542495","1549246","1553537","1554911","1463268","1335298","1269409","1272511","1346991","1411424","1444355","1464933","1480852","1492002","1497586","1494444","1478293","1459079","1446163","1427369","1401363","1373578","1344898","1316010","1287191","1263069","1242568","1220103","1196585","1172531","1148246","1123615","1098717","1073501","1053717","1039632","1024823","1008419",
"Belarus","BLR","Population ages 15-64, female","SP.POP.1564.FE.IN","2903593","2896637","2910271","2928746","2951066","2968882","2984749","3007302","3026693","3049336","3082112","3123188","3164913","3205263","3239638","3262112","3282366","3305213","3329659","3354810","3381765","3417431","3454095","3479918","3498732","3516649","3534447","3545382","3530253","3515629","3501800","3484650","3476510","3471951","3471785","3467860","3461608","3457760","3462465","3479681","3491003","3495392","3493408","3487417","3480713","3473845","3467314","3466279","3474312","3483226","3488393","3485626","3469326","3447436","3422688","3397545","3371728","3340605","3310179","3279642","3243026","3197548","3153788","3119730","3088994","3058955",
"Belize","BLZ","Population ages 15-64, female","SP.POP.1564.FE.IN","23796","24083","24348","24645","24979","25356","25786","26270","26817","27432","28124","28852","29557","30230","30881","31652","32575","33541","34524","35505","36562","37619","38588","39501","40331","41139","42049","43077","44177","45326","46530","47808","49197","50676","52267","54113","56319","58887","61665","64456","67171","69824","72519","75318","78212","81185","84253","87422","90671","94010","97390","100748","104086","107437","110814","114219","117880","121518","124633","127336","129922","132436","135747","139138","141620","143819",
"Bermuda","BMU","Population ages 15-64, female","SP.POP.1564.FE.IN","12382","12650","12996","13341","13681","14030","14406","14777","15118","15439","15752","15988","16136","16280","16424","16573","16855","17241","17588","17902","18121","18297","18494","18661","18818","18971","19098","19315","19620","19900","20156","20308","20368","20420","20458","20480","20497","20639","20896","21142","21285","21325","21355","21372","21369","21383","21403","21552","21818","22033","22072","21956","21818","21697","21614","21537","21443","21381","21383","21367","21318","21263","21127","20907","20676","20429",
"Bolivia","BOL","Population ages 15-64, female","SP.POP.1564.FE.IN","1026317","1049634","1073582","1097112","1119943","1143430","1168009","1193210","1219137","1245845","1273400","1301841","1331113","1361300","1392413","1424454","1457391","1491133","1525698","1561061","1597030","1633574","1670866","1709051","1747990","1787382","1827351","1868079","1909693","1952148","1995184","2038944","2083500","2124912","2162928","2201156","2239625","2278458","2318022","2358841","2401236","2446262","2497998","2556421","2618031","2682227","2748757","2816510","2884360","2952228","3020216","3088642","3157344","3226873","3297941","3369027","3439073","3508469","3577653","3646686","3714110","3778817","3846319","3917965","3989315","4059863",
"Brazil","BRA","Population ages 15-64, female","SP.POP.1564.FE.IN","19247998","19779128","20340919","20937386","21579655","22258771","22961331","23690680","24447206","25231501","26041173","26874808","27734258","28619734","29530014","30462503","31416840","32393320","33387822","34390439","35391775","36382910","37355296","38316382","39280090","40254730","41236454","42226496","43232815","44252918","45297512","46365130","47468044","48595964","49729722","50885042","52057407","53239995","54447343","55662853","56856984","58032216","59184459","60304918","61385870","62427240","63432937","64401093","65334799","66227584","67078902","67903805","68713396","69506148","70248867","70921246","71542414","72101973","72566665","72982764","73378103","73664479","73853635","74015441","74151037","74261782",
"Barbados","BRB","Population ages 15-64, female","SP.POP.1564.FE.IN","70044","70574","71140","71693","72183","72622","73062","73469","73816","74081","74219","74307","74633","75164","75737","76580","77415","78162","79058","79985","81066","82240","83144","83814","84375","84778","85139","85496","85747","85871","86198","86837","87472","87992","88406","88735","89051","89377","89699","90014","90081","90450","91288","92108","93009","93969","94947","95857","96576","97084","97441","97732","97965","98132","98240","98326","98428","98444","98332","98120","97788","97358","96915","96568","96172","95576",
"Brunei Darussalam","BRN","Population ages 15-64, female","SP.POP.1564.FE.IN","20939","21262","21657","22263","23064","24030","25201","26470","27818","29240","30421","31435","32730","34256","35906","37661","39476","41318","43094","44819","46590","48426","50620","53174","55817","58551","61379","64008","66396","68784","71166","73448","75769","78290","80929","83679","86550","89510","92513","95599","98817","102090","105352","108581","111754","114880","117974","121013","124036","127137","130355","133367","135752","137753","139739","141702","143555","145287","146902","148385","149696","150902","151920","152832","153783","154650",
"Bhutan","BTN","Population ages 15-64, female","SP.POP.1564.FE.IN","58712","60480","62397","64355","66335","68418","70558","72781","75091","77497","79986","82546","85180","87893","90689","93575","96563","99659","102875","106193","109593","113081","116658","120361","124208","128186","132312","136580","140985","145531","149946","153168","148251","143189","144109","143549","145064","149176","153751","158163","162059","166092","170338","174866","179738","184821","189832","194659","199282","203658","207796","211706","215375","218848","222264","225727","229251","233475","238336","243068","247565","251764","255674","259378","262839","266216",
"Botswana","BWA","Population ages 15-64, female","SP.POP.1564.FE.IN","137958","140015","142180","144455","147248","149634","151154","152666","154232","155955","157878","161278","167280","175279","184017","193166","203028","213546","226165","239408","248375","256561","266592","276222","286205","296563","307069","317694","328273","339243","351175","363940","377750","392514","408089","424170","440240","456161","471900","487515","503140","518540","533211","547235","560969","574614","588278","602139","616388","630983","645545","658588","667280","673412","680404","688406","697701","708314","720088","732970","746960","761290","775805","790684","805751","821056",
"Central African Republic","CAF","Population ages 15-64, female","SP.POP.1564.FE.IN","477514","484347","491299","498260","506126","515844","526674","537902","549519","561380","572719","582921","592276","601534","611257","621509","629478","634922","640434","646032","651762","657741","664065","670779","677710","684615","691357","697903","706669","722085","741814","762337","785037","809825","835937","859335","882523","909060","936725","966074","996993","1022347","1048767","1078268","1104021","1131395","1154230","1174198","1197818","1209331","1218531","1230029","1227988","1221055","1199881","1190769","1210253","1229875","1250618","1273495","1302817","1324193","1335990","1366626","1411436","1461716",
"Canada","CAN","Population ages 15-64, female","SP.POP.1564.FE.IN","5193094","5290700","5394351","5511273","5642240","5780782","5934781","6096460","6254664","6402694","6560006","6826377","6979830","7144974","7325221","7510596","7683370","7842953","7987044","8125021","8277333","8412823","8533912","8631420","8719794","8801224","8883137","8985928","9088508","9241265","9361980","9453294","9547903","9645680","9752373","9861607","9974860","10085461","10187692","10296019","10419051","10560773","10705851","10832325","10964823","11101240","11240437","11365223","11492985","11621355","11739850","11824506","11898276","11958173","12011894","12035828","12106338","12190369","12306185","12423362","12488351","12486387","12669310","12993874","13335047","13389965",
"Central Europe and the Baltics","CEB","Population ages 15-64, female","SP.POP.1564.FE.IN","30279373","30475181","30746779","31082446","31454704","31789898","32134371","32524932","32868096","33188601","33470403","33727374","34001517","34242706","34442955","34616858","34763400","34852472","34915356","34967915","35064921","35266281","35594644","36007306","36319622","36496228","36634537","36749514","36843083","36902062","36957952","36956177","36948428","37049198","37169261","37243474","37288624","37348334","37423635","37516491","37469999","37365445","37271738","37287211","37297069","37277871","37238027","37124074","36977187","36914546","36676280","36345649","36049461","35714281","35361703","34974575","34564572","34144235","33736241","33345157","32843995","32320053","32159730","32093793","31946401","31767896",
"Switzerland","CHE","Population ages 15-64, female","SP.POP.1564.FE.IN","1802423","1833197","1871416","1906632","1932660","1946955","1958369","1975535","1996547","2016697","2024103","2027910","2044505","2063160","2077744","2079754","2071515","2070120","2078447","2092889","2112865","2137450","2162763","2183471","2200305","2214370","2226835","2240798","2255316","2269232","2286128","2311023","2332975","2347559","2361067","2373225","2380634","2383856","2389310","2399246","2412867","2433669","2459253","2482641","2503860","2522811","2540108","2562356","2592655","2621751","2643322","2664893","2685469","2708323","2733410","2756922","2777441","2792532","2803134","2813361","2825707","2838135","2849163","2870339","2891976","2903992",
"Channel Islands","CHI","Population ages 15-64, female","SP.POP.1564.FE.IN","36511","36757","37140","37553","37964","38338","38675","39031","39371","39663","39918","40185","40560","41057","41624","42243","42713","42985","43266","43610","43987","44503","45189","45893","46549","47136","47690","48254","48820","49393","50000","50387","50470","50480","50501","50547","50631","50800","51025","51261","51485","51689","51922","52197","52500","52871","53297","53710","54062","54360","54631","54748","54715","54696","54712","54715","54669","54595","54619","54766","54900","55019","55127","55179","55157","55075",
"Chile","CHL","Population ages 15-64, female","SP.POP.1564.FE.IN","2304815","2350606","2399151","2450857","2504891","2560464","2617034","2674046","2732136","2791991","2853767","2918009","2984794","3053479","3123734","3195405","3268087","3341323","3415085","3489408","3564492","3640073","3715899","3792354","3869033","3945322","4020797","4096020","4170975","4244325","4316716","4387593","4456443","4524661","4593214","4662850","4733715","4805976","4881464","4959550","5038306","5118279","5199948","5283604","5369104","5456076","5543751","5629737","5712607","5792420","5869376","5942411","6009272","6070852","6130664","6189168","6261923","6366041","6487171","6595134","6652758","6680557","6713337","6746890","6778980","6805720",
"China","CHN","Population ages 15-64, female","SP.POP.1564.FE.IN","180038039","179839238","181528037","184184262","186732317","190592817","195963968","202024658","208290401","214380876","220966817","227575924","234179319","240471789","245168361","248895191","252359382","257707690","266682145","276152339","284577643","292811127","300786294","309442761","318701004","327738258","336542843","344763174","352615339","359618620","365238195","370598296","375995200","381038385","386412300","392132558","398248213","405088386","411539877","417352374","423328959","429811588","437045402","444246917","451295108","458583642","464501197","468532529","471866968","474608187","476804884","478808788","480683034","481872619","482416155","482310233","481766703","480570825","478854987","477216790","475507276","474157496","472794096","471798189","472394210","473649718",
"Cote d'Ivoire","CIV","Population ages 15-64, female","SP.POP.1564.FE.IN","966771","998030","1030571","1063071","1096882","1133710","1172609","1213072","1255301","1300437","1349976","1404581","1463897","1526729","1592156","1660421","1721530","1776704","1837662","1904426","1976740","2054163","2136248","2222667","2313009","2407157","2505403","2607990","2716736","2835512","2964933","3103474","3250115","3402693","3560681","3724366","3893122","4066344","4240985","4391965","4517805","4640674","4762156","4882199","5002838","5126818","5254118","5384970","5555625","5760233","5956549","6140774","6307904","6457224","6610131","6781976","6967491","7160435","7360747","7570193","7785554","8015067","8269697","8539219","8812363","9091866",
"Cameroon","CMR","Population ages 15-64, female","SP.POP.1564.FE.IN","1501663","1526844","1552688","1578497","1604106","1631459","1660930","1692088","1725065","1759806","1796407","1834815","1874913","1916790","1960363","2005408","2047667","2086955","2131733","2179933","2245720","2322755","2357305","2381236","2438403","2506544","2578018","2652801","2728246","2805219","2886946","2971311","3058265","3150029","3245802","3344706","3448284","3556964","3668051","3779659","3892876","4010450","4135069","4263812","4394230","4526368","4660726","4802550","4951391","5103481","5258911","5416804","5579601","5750630","5951849","6169689","6374747","6569459","6767956","6981300","7203405","7431755","7668151","7916253","8171208","8430035",
"Congo, Dem. Rep.","COD","Population ages 15-64, female","SP.POP.1564.FE.IN","4399118","4515962","4636691","4757201","4876473","4998205","5122949","5252413","5386143","5519866","5653344","5779374","5901808","6031828","6166628","6304782","6442290","6580051","6787627","7047151","7267301","7467357","7684608","7928823","8200232","8472414","8725393","8983500","9254961","9527874","9833962","10148538","10478387","10849860","11445986","11947100","12024293","12056460","12335171","12768518","13174811","13581859","13983125","14369671","14774989","15222366","15680488","16130792","16589598","17083391","17635027","18239112","18860786","19506861","20172925","20843137","21628825","22478923","23228003","23928346","24681662","25483237","26317335","27204583","28130541","29090957",
"Congo, Rep.","COG","Population ages 15-64, female","SP.POP.1564.FE.IN","287213","293293","299524","306199","313379","321081","329380","338022","347035","356437","366234","376447","387074","398136","409570","420252","430199","440517","451346","462876","475196","488182","501341","514443","529259","545749","562409","579493","596937","615319","634528","654333","674312","696006","718144","739259","760784","777037","795478","820633","862421","904216","925842","954088","992385","1034387","1079592","1124264","1162714","1214110","1268699","1306618","1336827","1361011","1386737","1414498","1445340","1479708","1516798","1556155","1598168","1642474","1689543","1740600","1794640","1851552",
"Colombia","COL","Population ages 15-64, female","SP.POP.1564.FE.IN","3975810","4085837","4200647","4318818","4444443","4579758","4720543","4867420","5021647","5182008","5348913","5519088","5694727","5880148","6071897","6268431","6467683","6676616","6897904","7125192","7361480","7602942","7847081","8098990","8353277","8599395","8837611","9074228","9313456","9556560","9805776","10052923","10302454","10557964","10815827","11078499","11344062","11616261","11894707","12170906","12439188","12705514","12974068","13243295","13514428","13786144","14058005","14330930","14600062","14866695","15129258","15379246","15616720","15846381","16061932","16265641","16492435","16809780","17202014","17574601","17869120","18093909","18297952","18491682","18661303","18804383",
"Comoros","COM","Population ages 15-64, female","SP.POP.1564.FE.IN","55221","55699","56083","56343","56537","56836","57389","58334","59588","60961","62459","64070","65773","67559","69428","71370","73427","75630","77965","80445","83090","85775","88464","91247","94109","97031","100000","103002","106043","109150","112319","115418","117667","119223","120971","122943","125145","127665","130553","133772","137205","140751","144335","147968","152178","156831","161417","166065","170901","175950","181116","186327","191518","196304","200585","204711","208852","213525","218627","223643","228839","234242","239745","245429","251200","257058",
"Cabo Verde","CPV","Population ages 15-64, female","SP.POP.1564.FE.IN","59351","59770","60389","61153","62086","63243","64640","66241","68039","70044","72244","74146","75461","76639","77927","79042","79976","81008","82193","83583","85222","86916","88548","90173","91746","93262","94728","96149","97540","99017","100924","103143","105354","107597","109880","112196","114556","117005","119572","122290","125245","128402","131596","134751","137882","141008","144154","147344","150584","153873","157057","159762","161833","163358","164396","164925","164930","164562","164057","163527","162952","164038","166524","168669","170822","173021",
"Costa Rica","CRI","Population ages 15-64, female","SP.POP.1564.FE.IN","336259","347799","359940","372713","386161","400176","414817","430207","446321","463172","480808","499274","518646","538984","560326","582583","605566","629094","652976","677044","701137","725121","748862","771986","794658","817166","839373","861350","883249","905739","930232","957278","986474","1017459","1050069","1084087","1119251","1155308","1191691","1227835","1262814","1296403","1328992","1360726","1391799","1422251","1451924","1480729","1508735","1535882","1561774","1586019","1608715","1630227","1650921","1670835","1689351","1705534","1719582","1732225","1743852","1753647","1762196","1770934","1779049","1785077",
"Caribbean small states","CSS","Population ages 15-64, female","SP.POP.1564.FE.IN","680467","691760","702876","714401","726311","738230","750719","764321","778977","795042","812292","830125","847271","863618","880190","897533","915346","933243","950875","967469","983768","1000190","1015708","1029918","1042852","1055522","1068324","1080250","1091885","1103123","1113257","1124615","1138327","1152378","1166791","1182908","1200321","1218230","1236477","1254706","1272597","1290819","1309613","1328656","1347177","1343599","1359375","1375679","1391253","1404260","1418634","1433366","1447204","1461256","1474494","1486551","1497555","1506793","1519389","1529768","1534634","1540578","1545586","1551369","1555950","1559220",
"Cuba","CUB","Population ages 15-64, female","SP.POP.1564.FE.IN","2118149","2158201","2196104","2232558","2269423","2307156","2343692","2378846","2414081","2450395","2488338","2526408","2563423","2599988","2637435","2677633","2722083","2772017","2827669","2887456","2949355","3018443","3093318","3166418","3237688","3307964","3377804","3446035","3509995","3566900","3615030","3653473","3682996","3705312","3720978","3731635","3740144","3752232","3769822","3789668","3810486","3830654","3849902","3870473","3892302","3912583","3929272","3940071","3944838","3945789","3944482","3942107","3935407","3924566","3913909","3905161","3897213","3886316","3870926","3852035","3833083","3811426","3786647","3763054","3739660","3712863",
"Curacao","CUW","Population ages 15-64, female","SP.POP.1564.FE.IN","33856","34184","34884","35674","36467","37211","37749","38325","39134","40030","40961","42124","42760","43157","44236","45160","45953","46693","47060","47603","48327","49128","50162","50978","51621","52178","52368","52103","51466","50765","50307","49997","49824","49943","50048","50224","50653","50941","50180","48558","46765","45186","45511","46947","48261","49972","51670","53050","54028","54642","55534","56611","57069","57280","57619","57959","58198","58080","56867","55626","54921","54152","53685","53862","53976","53707",
"Cayman Islands","CYM","Population ages 15-64, female","SP.POP.1564.FE.IN","2572","2598","2624","2652","2683","2715","2752","2803","2863","2930","3056","3253","3479","3715","3966","4226","4489","4752","5017","5289","5586","5909","6249","6601","6968","7352","7745","8137","8528","8934","9431","10003","10580","11160","11736","12312","12890","13467","14037","14595","15125","15650","16204","16770","17351","17953","18562","19178","19801","20413","20992","21510","22006","22516","23022","23518","24014","24492","24946","25399","25858","26295","26713","27121","27507","27863",
"Cyprus","CYP","Population ages 15-64, female","SP.POP.1564.FE.IN","175957","178625","181098","183531","185852","188102","190342","192544","194697","196821","198913","200958","202932","205095","206131","206601","208733","211729","214648","217376","219816","221919","223994","226599","229715","233072","236601","240198","243760","247231","250623","253976","257572","262304","268216","274682","281604","288868","296358","303992","311696","319426","327292","335484","344019","352781","361645","370470","379117","387493","395523","402887","409537","415721","421474","426845","431894","436658","441146","445353","449200","452642","455785","458754","461255","463290",
"Czechia","CZE","Population ages 15-64, female","SP.POP.1564.FE.IN","3200071","3203542","3232044","3258659","3279651","3296777","3313194","3326990","3337354","3345650","3332626","3318453","3321234","3319831","3312015","3300149","3289857","3281741","3277578","3280084","3283745","3297300","3324277","3352222","3372449","3380385","3382997","3387227","3397537","3415538","3428773","3441670","3464206","3486696","3507379","3522719","3532632","3542777","3553671","3564996","3571381","3573992","3581331","3593888","3605544","3615619","3625448","3639994","3654737","3651651","3633220","3604679","3566373","3524872","3488815","3456878","3424322","3394832","3370706","3351356","3333009","3254302","3313089","3386746","3397312","3389020",
"Germany","DEU","Population ages 15-64, female","SP.POP.1564.FE.IN","26386725","26244180","26164230","26110378","26011099","25945933","25939610","25857780","25786353","25811435","25765413","25711613","25754072","25799577","25815130","25777393","25755006","25776466","25831799","25934909","26121981","26407534","26704136","26950087","27075066","27053555","26992380","26927315","26899253","26956659","27027075","27080476","27173002","27271958","27330440","27394777","27479410","27594740","27619973","27574128","27567037","27561551","27560944","27536437","27448080","27349055","27154111","26956467","26862182","26787959","26799799","26362145","26384560","26389818","26426620","26504391","26560968","26541962","26512555","26460695","26361081","26215542","26049804","25942491","25843667","25631488",
"Djibouti","DJI","Population ages 15-64, female","SP.POP.1564.FE.IN","23283","24263","25391","26715","28226","29802","31366","32959","34600","36562","38855","41366","44177","47268","50882","55330","60721","66931","73572","80005","85656","90288","94083","97629","101713","106952","113587","121462","129957","140862","156511","171027","170351","167891","171978","174481","179732","188480","199022","208227","216479","224980","233491","239199","242753","246850","252841","260045","267222","274620","281895","289067","296233","303507","311016","318806","326901","335255","343730","352098","360207","367983","375434","382650","389599","396197",
"Dominica","DMA","Population ages 15-64, female","SP.POP.1564.FE.IN","16513","16614","16675","16741","16808","16875","16945","17017","17086","17162","17311","17544","17799","18045","18278","18493","18698","18895","19078","19251","19419","19658","19975","20257","20462","20597","20661","20661","20581","20404","20139","19964","20006","20097","20159","20203","20244","20292","20326","20347","20344","20411","20610","20835","21033","21213","21387","21559","21717","21863","21982","22290","22544","23127","23735","23928","23559","23006","22985","22947","22891","22816","22759","22733","22710","22661",
"Denmark","DNK","Population ages 15-64, female","SP.POP.1564.FE.IN","1484251","1500051","1516529","1530329","1540782","1549574","1556825","1563432","1569612","1575668","1583467","1590490","1596507","1602999","1607944","1610225","1613118","1619124","1627053","1636433","1646415","1657113","1666903","1673751","1679019","1682845","1686732","1693342","1698673","1702528","1708655","1715147","1720531","1725966","1731299","1738658","1746024","1750050","1753075","1755760","1758462","1761971","1765192","1767673","1770678","1774689","1779624","1785951","1793172","1798402","1800777","1800481","1799151","1800310","1804332","1812298","1822235","1829937","1835032","1837541","1838710","1842838","1857803","1871995","1877887","1883857",
"Dominican Republic","DOM","Population ages 15-64, female","SP.POP.1564.FE.IN","793303","814038","836125","859697","884416","910819","939622","970790","1004354","1040266","1078425","1118665","1160780","1204548","1249682","1295866","1343022","1391162","1440243","1490155","1540594","1591226","1641748","1692013","1742306","1792938","1843923","1895354","1947473","2000101","2052978","2105867","2158630","2211424","2264816","2318921","2373123","2427399","2482410","2538192","2593287","2646863","2699906","2753845","2809548","2866507","2923700","2980830","3038001","3095010","3151086","3205785","3257877","3306602","3354328","3402352","3449135","3493434","3534821","3573042","3612017","3651200","3685151","3716148","3748516","3781767",
"Algeria","DZA","Population ages 15-64, female","SP.POP.1564.FE.IN","2936234","2955476","2957297","2958086","2962859","2970385","3002741","3064562","3134804","3210941","3288999","3369196","3454006","3545114","3644641","3785187","3958732","4108257","4244272","4392996","4553379","4725627","4909126","5103462","5308138","5522700","5744464","5966401","6189906","6416421","6645542","6873649","7101711","7340237","7591010","7853322","8125675","8405887","8689594","8976073","9264208","9549226","9829367","10103509","10372018","10632784","10885582","11135505","11384947","11628942","11861270","12079053","12280310","12457321","12616016","12771979","12928652","13081966","13232537","13389957","13558565","13742612","13945376","14164205","14392617","14628900",
"East Asia & Pacific (excluding high income)","EAP","Population ages 15-64, female","SP.POP.1564.FE.IN","244076598","245244177","248338204","252435423","256517933","261964087","268896995","276615298","284710275","292794475","301466662","310226549","319142881","327862339","335044568","341312912","347342617","355365987","367157807","379532282","390964263","402302033","413484037","425490247","438180550","450646832","462883707","474596055","485984374","496461081","505560992","514402246","523295690","531909487","540862083","550231421","560066866","570729200","581033083","590609970","600227636","610194630","620777287","631287803","641617825","652186323","661543322","669185913","676114628","682331744","687934564","693274899","698419215","702740650","706207524","708903708","711003481","712272120","712886022","713554208","714187595","715102598","715912040","717051085","719710240","722944804",
"Early-demographic dividend","EAR","Population ages 15-64, female","SP.POP.1564.FE.IN","261418797","266947663","272575870","278257936","284327750","290807662","297526295","304723263","312288692","320110200","328323098","336681743","345254342","354262952","363643896","373462574","383653166","394185495","404951583","416207936","428080740","440627589","453589988","466667148","479949361","493444531","507264023","521450133","535953462","550673958","566347691","581804602","597135832","612133131","627300958","643650499","661128033","679019078","696957193","715116867","733435607","751787699","769701880","787550939","805941574","824365405","843020769","861829765","880390279","898875979","917411996","935942723","953930400","971590533","988722766","1005889255","1022913754","1039481817","1055598418","1071639062","1088006679","1103589746","1119829062","1136492601","1153011683","1169340611",
"East Asia & Pacific","EAS","Population ages 15-64, female","SP.POP.1564.FE.IN","289866423","291843651","295995393","301190659","306482690","313070692","320993856","329511278","338434022","347577113","357317515","367411101","377132948","386665151","394766596","401975400","408882500","417747720","430367962","443614714","455915293","468092785","480136393","493100770","506698165","520051443","533192824","545828559","558137522","569519099","579421406","589044334","598576782","607760753","617267543","627154368","637541979","648621366","659315595","669169468","679034546","689230588","699963414","710622515","721038097","731584942","741010268","748799325","755932426","762330951","768221838","773662877","778694996","782780366","786049941","788621303","790647560","791790999","792292175","792854461","793165371","793383079","793775833","795016810","797487970","800313337",
"Europe & Central Asia (excluding high income)","ECA","Population ages 15-64, female","SP.POP.1564.FE.IN","41710397","42149037","42710108","43332523","44039213","44739917","45456910","46223009","46982587","47798830","48631300","49468329","50296847","51136321","51977348","52820672","53707426","54616662","55547805","56395702","57259474","58174961","59151873","60113928","61023237","61939759","62859219","63755582","64560320","65321163","66040119","66601377","67146915","67560889","67909073","68370468","69001634","69612660","70271995","71060344","71968292","72824939","73599933","74285059","74929393","75565143","76250943","76770409","77641074","78588452","79531686","80409384","81089347","81701179","82238861","82653351","83016635","83318295","83615963","83866304","83964738","84079818","83304644","82446996","82854058","83750048",
"Europe & Central Asia","ECS","Population ages 15-64, female","SP.POP.1564.FE.IN","225060356","226065308","227789332","229738593","231802714","233755827","235455956","237239041","238947759","240754932","242647751","244568640","246498346","248440982","250307131","252144808","254089800","255945164","257787289","259615299","261676595","264224044","267022573","269708488","272073936","273999590","275649260","277151738","278547721","279906653","280979941","281980188","282890608","283726718","284508668","285538666","286814186","288105178","289566213","291226456","292880914","294388798","295796379","297170834","298440023","299665574","300865648","302059221","303763100","305388200","306685499","306969995","307059765","306883174","306583863","306163715","305761827","305200711","304721765","304269410","303322971","302335155","301186776","300278435","300487984","300790589",
"Ecuador","ECU","Population ages 15-64, female","SP.POP.1564.FE.IN","1187404","1217889","1250250","1285837","1325132","1366644","1409549","1454085","1500316","1548297","1598000","1649554","1703177","1758841","1816422","1875964","1937501","2001056","2066831","2135066","2206162","2279857","2355931","2434881","2516336","2599569","2683906","2769017","2854043","2937997","3020794","3100842","3179720","3257394","3333083","3409396","3486581","3564326","3643837","3725438","3807767","3891328","3977297","4066260","4157922","4252000","4348847","4447842","4547134","4645611","4743895","4842893","4941580","5038346","5134700","5233893","5338830","5450738","5574344","5696711","5792119","5865805","5937544","6012446","6089686","6167498",
"Egypt, Arab Rep.","EGY","Population ages 15-64, female","SP.POP.1564.FE.IN","7300126","7479696","7682879","7894972","8104722","8318618","8544477","8780119","9023893","9273943","9523658","9768396","10013616","10263134","10515823","10772387","11023531","11278957","11549872","11827720","12123450","12438034","12770761","13137481","13527105","13920996","14302590","14680327","15074419","15481044","15957455","16441913","16896202","17369764","17846937","18342713","18853227","19381484","19955476","20564207","21186906","21823571","22469567","23130883","23796737","24451809","25080471","25673850","26238027","26784653","27315377","27889853","28494547","29116312","29741077","30307975","30876382","31462247","32068638","32696539","33320887","33944280","34587835","35327629","36107214","36833198",
"Euro area","EMU","Population ages 15-64, female","SP.POP.1564.FE.IN","93752799","94037739","94488383","95012522","95466983","95821620","96173065","96461902","96754683","97076275","97313038","97629570","98110258","98624243","99146776","99703284","100294204","100876100","101487011","102192584","103054670","104148254","105285929","106409700","107345146","107887481","108227579","108547599","108871236","109249816","109611481","109972658","110328040","110653681","110842755","111066407","111373364","111639543","111787931","111884270","112075655","112230300","112580576","113106175","113600824","114007181","114292511","114692651","115134823","115332687","115456671","114989424","114780214","114416600","114086516","113849893","113642268","113395664","113237503","113138483","112944852","112649931","112597553","112746097","112758595","112588207",
"Eritrea","ERI","Population ages 15-64, female","SP.POP.1564.FE.IN","274519","281217","288135","294918","301697","308270","314404","320765","327513","334547","341849","349365","357107","365368","374293","383653","393555","404057","414955","426190","437770","449725","462127","474347","486059","497521","508935","520576","532474","543910","554103","522111","487409","503845","519877","558446","591527","588434","589448","596228","603900","623321","650046","685358","721354","738457","746399","753700","776208","798553","815346","832553","844857","856316","860286","860228","864872","873357","890302","910517","933350","959576","985190","1010406","1037142","1066040",
"Spain","ESP","Population ages 15-64, female","SP.POP.1564.FE.IN","10105739","10164378","10222113","10294392","10376965","10432625","10474722","10557111","10652241","10716885","10795361","10890636","10986628","11089936","11198604","11308178","11414527","11522010","11636423","11763255","11889194","12024686","12164204","12287149","12406094","12517658","12616847","12707733","12792805","12875873","12959008","13063209","13190701","13314545","13427276","13529108","13613800","13681812","13737673","13787453","13835777","13901170","14072452","14330987","14600268","14837646","15067578","15344446","15555878","15634914","15641468","15636010","15595422","15471746","15353286","15298687","15289572","15312350","15380244","15503421","15598674","15631458","15722885","15870521","15988313","16100035",
"Estonia","EST","Population ages 15-64, female","SP.POP.1564.FE.IN","450243","451579","455240","459508","464102","467945","470634","472396","474267","476738","480319","484748","488504","491909","495071","497834","500423","502872","504911","506651","509276","513402","518282","522585","526406","530702","534471","537173","538395","538081","536393","532705","523517","510693","499761","491018","484138","479082","475950","480853","486031","483936","481431","478859","476386","473515","469291","465367","462936","460475","457434","453186","447746","441967","436354","432440","428449","424855","422719","420720","418331","416930","421637","427652","427303","423871",
"Ethiopia","ETH","Population ages 15-64, female","SP.POP.1564.FE.IN","5990005","6152772","6322241","6491825","6658735","6816575","6963871","7115306","7274567","7437553","7603878","7766832","7928321","8102243","8290025","8478262","8671483","8816784","8949885","9066783","9099689","9314352","9673825","9965420","10267179","10588925","10920401","11284617","11697974","12117414","12534231","13073636","13606368","14028322","14457961","14892420","15317891","15723633","16123014","16545844","16988739","17458910","17977548","18532254","19115323","19726382","20372898","21071494","21815299","22600159","23440153","24334281","25269258","26227483","27215797","28238005","29297582","30386805","31473936","32563706","33685803","34822850","35958523","37098451","38229821","39354963",
"European Union","EUU","Population ages 15-64, female","SP.POP.1564.FE.IN","119849286","120286212","120977982","121794496","122569496","123211899","123861971","124488184","125069831","125667363","126151613","126682830","127384828","128084265","128756495","129442370","130132764","130765444","131413365","132155334","133096584","134347446","135741935","137196212","138379917","139058572","139500715","139911201","140321557","140790696","141261395","141702811","142154604","142629128","142961743","143313100","143724176","144088477","144341253","144551971","144731544","144912255","145243431","145825354","146379901","146829569","147148408","147510408","147884274","148095307","148074961","147371728","146952302","146385265","145827124","145344457","144883649","144389416","143979879","143625968","143036540","142308001","142172114","142292005","142200636","141911542",
"Finland","FIN","Population ages 15-64, female","SP.POP.1564.FE.IN","1433395","1452004","1473257","1494240","1510606","1522379","1533553","1546918","1559129","1562103","1561113","1569463","1583223","1594576","1603824","1610453","1614309","1616038","1618661","1622911","1628225","1636205","1645633","1654268","1662635","1667005","1666729","1665626","1663145","1662415","1665292","1670781","1677103","1681881","1685023","1687299","1690482","1695485","1702521","1709309","1713766","1717407","1720428","1723007","1725541","1730688","1734631","1740283","1749013","1754355","1755140","1749748","1741885","1733161","1724405","1715817","1707934","1699715","1691212","1684566","1679593","1676544","1676441","1682584","1692185","1698939",
"Fiji","FJI","Population ages 15-64, female","SP.POP.1564.FE.IN","97763","101288","105066","109036","113129","117208","121278","125166","128858","132622","136503","140520","144657","148874","153166","157555","162182","167384","173002","178611","184111","189502","194804","200047","205303","210532","215104","218378","220832","223092","225386","227853","230410","233029","235710","238430","241604","245918","250893","255749","260310","264491","268424","272156","275699","279128","282450","285479","288005","290132","292026","293712","295128","296182","297039","297877","298645","299216","299604","299886","300974","302735","304820","307394","309799","311994",
"France","FRA","Population ages 15-64, female","SP.POP.1564.FE.IN","14786372","14890950","15049215","15223148","15394848","15547077","15676447","15790992","15902894","16021361","16151162","16286773","16420239","16548245","16675068","16795743","16929557","17073125","17208639","17352561","17547360","17808974","18040703","18299504","18540807","18711118","18824962","18949579","19077112","19192526","19274636","19326762","19386591","19452968","19513102","19576706","19644078","19711945","19748384","19807613","19932120","20075967","20232261","20397869","20566630","20739281","20904754","21038536","21131038","21193859","21254945","21270326","21239880","21232674","21219357","21187492","21148805","21121803","21122733","21117332","21120933","21146119","21196675","21195089","21196604","21200400",
"Faroe Islands","FRO","Population ages 15-64, female","SP.POP.1564.FE.IN","9488","9618","9738","9854","9973","10093","10212","10325","10429","10526","10641","10803","10978","11143","11302","11457","11606","11770","11975","12204","12429","12664","12909","13140","13362","13585","13750","13952","14145","14315","14199","14029","13890","13569","13000","12675","12685","12853","12992","13120","13324","13632","13883","14130","14299","14359","14409","14456","14476","14495","14566","14627","14479","14368","14283","14358","14515","14664","14841","15040","15245","15446","15698","15970","16101","16195",
"Micronesia, Fed. Sts.","FSM","Population ages 15-64, female","SP.POP.1564.FE.IN","10886","11207","11539","11843","12164","12547","12947","13338","13721","14125","14548","14924","15258","15616","15996","16422","16897","17390","17912","18472","19054","19659","20286","20937","21619","22333","23083","23865","24520","25053","25619","26225","26971","27828","28636","29323","29922","30503","31047","31542","31961","32268","32460","32567","32643","32703","32739","32775","32786","32748","32814","32982","33183","33447","33680","33880","34045","34192","34366","34506","34762","35042","35188","35341","35541","35759",
"Gabon","GAB","Population ages 15-64, female","SP.POP.1564.FE.IN","160315","161170","162121","163092","164130","165402","166858","168395","170026","172336","175175","177815","180324","182869","185602","188570","191781","195223","198877","202728","206783","211061","215553","220252","225181","230370","235845","241625","247696","254032","260666","267647","274994","282722","290846","299343","308258","317655","327520","337851","348669","360022","371963","384503","397672","411573","426246","441684","457831","474597","491953","509909","528448","547418","566202","584105","600926","616896","632559","648375","664458","680974","697982","715568","733985","753254",
"United Kingdom","GBR","Population ages 15-64, female","SP.POP.1564.FE.IN","17357287","17438016","17555788","17635756","17665683","17681233","17680311","17672696","17654751","17630238","17611274","17607992","17611287","17614325","17616595","17634623","17687656","17763264","17844001","17933279","18030280","18128736","18236018","18341707","18436320","18507393","18558548","18586844","18685749","18794585","18819924","18840824","18821089","18814606","18864899","18932874","19009460","19094848","19193627","19311382","19451702","19592944","19722303","19837965","19978846","20171862","20375791","20559281","20707110","20820559","20926522","21003022","21021811","21036266","21093860","21156329","21235380","21261588","21283984","21319701","21306181","21372925","21566041","21804906","22016271","22071248",
"Georgia","GEO","Population ages 15-64, female","SP.POP.1564.FE.IN","1248514","1259033","1271697","1286219","1301439","1317197","1331853","1344647","1358268","1375293","1392492","1411431","1433076","1452929","1472552","1490217","1507156","1523284","1537211","1552623","1569009","1584602","1600556","1615220","1626906","1637796","1648981","1659685","1673166","1675571","1671477","1677349","1685585","1695154","1667812","1606922","1552428","1508189","1477859","1456820","1439517","1427246","1421341","1411849","1400866","1392245","1385780","1382047","1382895","1374860","1366129","1352855","1336934","1323687","1313456","1304336","1293709","1283222","1272542","1260501","1252688","1241290","1238559","1236251","1265006","1302713",
"Ghana","GHA","Population ages 15-64, female","SP.POP.1564.FE.IN","1752020","1787672","1818143","1851988","1890167","1933644","1981272","2031018","2082820","2137446","2197023","2260260","2327819","2402323","2481687","2564815","2658394","2765489","2879768","2997018","3109499","3217314","3331126","3453012","3553908","3629421","3703264","3782494","3874230","3976464","4084132","4190904","4302231","4423506","4554420","4687647","4818481","4960587","5115396","5273093","5433945","5608516","5795401","5982852","6171342","6361864","6554354","6751792","6952710","7153588","7347836","7537691","7731395","7929750","8132776","8341495","8560471","8786855","9012056","9237213","9471919","9712359","9951829","10193909","10438740","10688495",
"Gibraltar","GIB","Population ages 15-64, female","SP.POP.1564.FE.IN","7472","7505","7572","7670","7782","7880","7966","8064","8175","8280","8376","8448","8499","8559","8613","8681","8764","8824","8877","8941","9011","9066","9049","8978","8907","8842","8771","8690","8612","8534","8451","8379","8385","8452","8503","8548","8614","8687","8735","8778","8834","8902","8999","9119","9233","9351","9516","9711","9899","10059","10150","10224","10320","10408","10492","10565","10695","10895","11104","11348","11616","11860","12111","12404","12677","12905",
"Guinea","GIN","Population ages 15-64, female","SP.POP.1564.FE.IN","1009581","1026619","1044562","1063359","1082447","1102233","1122957","1144176","1165901","1187763","1209203","1229914","1249909","1269321","1288230","1306703","1324893","1343099","1361857","1381862","1403693","1427650","1453755","1481768","1511826","1544283","1579081","1615870","1654018","1692476","1746695","1812258","1864619","1915703","1967490","2017191","2069241","2104828","2138454","2183242","2223478","2249997","2285869","2342403","2398622","2452827","2511606","2579327","2652405","2728265","2806813","2888975","2973679","3059335","3147554","3239455","3333575","3428653","3525914","3627497","3733199","3841208","3952429","4067756","4184641","4301979",
"Gambia, The","GMB","Population ages 15-64, female","SP.POP.1564.FE.IN","113860","117195","120463","123495","126198","128948","131972","135204","138663","142284","146061","149996","154090","158358","162586","166832","171405","176339","181630","187290","193307","199607","206234","213342","220786","228482","236617","245220","254312","263918","274035","284658","295451","305894","315287","323940","332869","342313","352320","362934","374087","385741","397898","410668","424153","438401","453466","469215","485490","502243","519325","536585","554069","571896","590070","608275","626448","644776","663328","682258","702222","723222","744558","766276","788707","811915",
"Guinea-Bissau","GNB","Population ages 15-64, female","SP.POP.1564.FE.IN","169258","169789","170105","169861","165306","157934","153672","154377","158370","159858","161170","162174","162691","165892","172761","183293","193987","204772","215715","222419","224527","226399","228341","230447","232852","235644","238839","242447","246462","250871","255597","262235","271472","281582","291216","299592","307018","314177","321508","329182","337248","345771","354675","363923","373557","383416","393549","404231","415397","427038","439181","451756","464752","478110","491743","505651","519836","534372","549360","564758","580506","596621","613438","630940","648682","666780",
"Equatorial Guinea","GNQ","Population ages 15-64, female","SP.POP.1564.FE.IN","77821","79031","80314","81659","83272","85174","87159","89206","91233","92275","91774","90318","88336","86113","83846","81663","79555","78177","77900","78705","81039","84893","89940","96568","103984","110608","116228","120961","125195","129288","133380","137558","141896","146446","150968","155516","160417","165694","171350","177535","187240","200546","214672","229533","245008","258482","269904","281811","294265","307291","320803","333945","346643","359544","372459","385391","398445","411715","425485","439992","453131","465733","479607","493792","508239","522853",
"Greece","GRC","Population ages 15-64, female","SP.POP.1564.FE.IN","2816523","2834981","2854159","2874471","2894391","2897663","2923701","2940260","2949201","2948382","2911381","2906337","2922188","2931389","2937801","2963187","3008231","3043498","3074867","3107861","3130381","3152453","3181315","3215500","3249965","3279614","3305457","3332174","3360078","3394372","3438404","3477841","3502014","3520098","3535226","3551574","3567864","3584722","3600590","3607010","3610222","3615152","3616436","3618007","3623307","3632510","3646283","3661945","3675684","3682636","3679059","3662359","3632857","3599456","3569187","3539569","3511765","3488442","3466612","3445436","3423509","3363726","3307421","3294761","3284983","3277472",
"Grenada","GRD","Population ages 15-64, female","SP.POP.1564.FE.IN","24679","24965","25202","25378","25590","25547","25269","25141","25121","25218","25423","25676","25918","26138","26325","26473","26572","26611","26598","26520","26364","26440","26911","27467","27957","28390","28776","29118","29412","29654","29839","29964","30026","30035","30020","29997","29999","30060","30180","30363","30608","31052","31700","32367","32999","33590","34138","34633","35074","35462","35793","36143","36543","36935","37310","37679","37980","38217","38441","38646","38866","39073","39222","39339","39432","39504",
"Greenland","GRL","Population ages 15-64, female","SP.POP.1564.FE.IN","8542","8748","8961","9182","9342","9593","9819","10143","10511","10882","11254","11522","11947","12317","12686","13002","13380","13663","13940","14362","14848","15403","15837","16248","16587","16827","16943","17093","17232","17287","17282","17172","17043","16951","16990","17028","17014","17016","17034","17047","17137","17307","17503","17677","17846","17982","18053","18098","18122","18209","18390","18628","18701","18695","18727","18713","18744","18725","18642","18652","18636","18671","18604","18563","18413","18276",
"Guatemala","GTM","Population ages 15-64, female","SP.POP.1564.FE.IN","1007345","1035343","1065574","1098311","1133195","1169288","1206252","1244345","1283330","1322274","1361089","1399196","1437077","1475188","1514738","1555385","1592148","1629999","1672936","1717545","1764046","1811930","1858462","1907358","1962396","2020400","2079243","2139017","2201017","2265484","2332897","2400854","2470333","2543118","2617302","2693150","2771063","2851846","2937621","3026135","3111501","3197472","3290192","3389186","3493992","3602212","3713418","3828851","3946750","4066677","4189966","4316558","4444618","4572307","4698197","4821658","4947730","5074359","5193507","5307567","5425940","5545455","5667202","5795145","5923101","6051348",
"Guam","GUM","Population ages 15-64, female","SP.POP.1564.FE.IN","14130","14662","15291","15985","16716","17458","18190","18907","19622","20343","21167","22160","23244","24365","25505","26640","27750","28850","29958","31069","32105","33037","33953","34893","35857","36849","37849","38849","39812","40680","41496","42334","43195","44060","44959","45893","46819","47734","48635","49539","50215","50557","50792","51017","51260","51535","51832","52143","52451","52720","52928","53045","53040","52922","52697","52368","51948","51448","50879","50259","50004","50127","50196","50229","50287","50380",
"Guyana","GUY","Population ages 15-64, female","SP.POP.1564.FE.IN","141755","143858","146200","148782","151649","154851","158423","162363","166665","171311","175593","179241","182768","186319","189892","193460","197031","200565","204038","207419","210375","213096","215837","218350","220591","222485","223962","224962","225452","225461","225087","225343","226519","227723","228700","229397","229784","229887","229773","229521","229199","228857","228692","229256","230431","231706","233150","234679","236126","237493","238733","239748","241826","245056","248141","251001","253600","255928","263472","268583","268617","271248","272897","273695","274817","276276",
"High income","HIC","Population ages 15-64, female","SP.POP.1564.FE.IN","296126939","298503272","301943910","305635772","309471482","313076059","316315280","319515036","322678654","326135137","329819071","334026506","337579025","341173369","344791524","348434082","352040624","355463934","358779576","362178698","365595694","369311122","373118914","376822934","380163234","383102646","385794806","388268010","390638928","393045703","395087515","397474168","399919441","402347060","404815013","407481425","410355888","413254187","416257869","419241548","422046724","424673951","427215981","429744610","432228443","434590031","437042498","439655335","442402221","444847478","446678217","447488924","447893965","447965610","447890777","448088467","448380998","448175993","447779151","447583725","447035313","445119370","445644807","447481830","448953603","448954333",
"Hong Kong SAR, China","HKG","Population ages 15-64, female","SP.POP.1564.FE.IN","848492","841939","827104","794423","917580","1044226","1049107","968125","898991","1001835","1100632","1168900","1209638","1259135","1315532","1357127","1390145","1426003","1468579","1567122","1622011","1672398","1712261","1752112","1782513","1813444","1846997","1877213","1904690","1936240","1953728","1982825","2014595","2064988","2128409","2187730","2303977","2340947","2379469","2422968","2467178","2506159","2535825","2552117","2597855","2638248","2684834","2734406","2774381","2802856","2845558","2881408","2917289","2924274","2936779","2952027","2957931","2963044","2967411","2970115","2940202","2888590","2834022","2878575","2842006","2801351",
"Honduras","HND","Population ages 15-64, female","SP.POP.1564.FE.IN","512576","523592","535331","548230","562898","579113","596126","613946","632627","652162","672545","693822","715951","738476","762474","787638","812689","838137","864134","891011","918964","948065","978345","1009798","1042204","1075419","1109645","1144973","1180957","1218331","1258551","1301476","1346550","1393570","1442451","1493120","1545447","1599351","1653261","1708713","1767337","1827772","1890219","1954466","2020236","2087805","2157379","2228904","2302151","2376730","2452262","2528415","2604811","2681224","2757677","2834631","2911881","2988400","3063686","3137780","3210471","3280756","3350645","3421387","3491646","3561112",
"Heavily indebted poor countries (HIPC)","HPC","Population ages 15-64, female","SP.POP.1564.FE.IN","44617103","45631916","46677117","47730376","48811858","49939753","51105136","52321620","53595280","54917616","56278175","57649408","59019023","60471274","62036784","63654574","65295763","66938443","68784877","70719394","72341161","73841283","75659470","77749158","79914219","82110453","84320865","86617531","88997530","91467779","93932972","96503972","99457314","102645403","105906328","109130572","112143689","115120268","118409087","121914996","125361230","128912916","132819555","136917115","141034840","145299551","149698805","154115282","158812198","163827649","168913404","174175605","179639273","185303140","191317174","197551501","204136641","211140996","218195130","225245465","232528919","239963211","247415738","255057499","262909538","271021889",
"Croatia","HRV","Population ages 15-64, female","SP.POP.1564.FE.IN","1450658","1456245","1463737","1472863","1481964","1491110","1500838","1510482","1521020","1532351","1541996","1549504","1555036","1559357","1563195","1566926","1571421","1575761","1579195","1580772","1583314","1593825","1611179","1627934","1638634","1643412","1646501","1649788","1652628","1654633","1656201","1623693","1583246","1590894","1607298","1593295","1566835","1553446","1546118","1533124","1511429","1449236","1447105","1445508","1444163","1443775","1442491","1439978","1437849","1436832","1436411","1433615","1425377","1413110","1396851","1372585","1349590","1318345","1290283","1267799","1248390","1229455","1215372","1212629","1210835","1209080",
"Haiti","HTI","Population ages 15-64, female","SP.POP.1564.FE.IN","1117700","1136031","1154755","1173553","1192253","1211802","1231987","1252619","1273820","1295533","1317889","1340929","1364360","1388093","1412237","1436727","1461523","1486687","1512391","1538786","1565710","1593121","1621186","1649921","1679354","1709598","1740912","1773570","1807656","1843214","1880289","1918666","1958429","1999774","2042468","2086725","2132919","2181031","2230936","2282682","2336485","2392317","2450133","2510102","2571731","2635425","2700940","2766824","2832582","2898182","2950662","3002710","3067410","3131785","3196070","3260436","3323673","3385252","3446112","3506692","3566802","3625728","3685010","3746180","3808956","3872662",
"Hungary","HUN","Population ages 15-64, female","SP.POP.1564.FE.IN","3404836","3411957","3422324","3437956","3455436","3472329","3489374","3505358","3524084","3553175","3584460","3606556","3616241","3616491","3611358","3602332","3591058","3574770","3556168","3536508","3527091","3537047","3556534","3580306","3591602","3585066","3573499","3561873","3553811","3525927","3510050","3527054","3541771","3552834","3559896","3562998","3563776","3563275","3559698","3556164","3555461","3556526","3552835","3546560","3542673","3536929","3531686","3523944","3512458","3499015","3485097","3469246","3438299","3403614","3366824","3330106","3291849","3256867","3225102","3189482","3151209","3118834","3098018","3083655","3066017","3041737",
"IBRD only","IBD","Population ages 15-64, female","SP.POP.1564.FE.IN","532745684","538319693","546382450","555718375","565676590","577396844","590580982","605051199","620037239","635185824","651497114","667981562","684505984","701090712","716364024","731089213","745887294","762818392","783621590","805022561","825823609","847169046","868722566","891031904","914145377","937157416","960033790","982457330","1004575144","1025965949","1046124066","1065995074","1085899236","1105278295","1125364565","1146791183","1169114938","1192520645","1216152661","1239704394","1263227320","1286955880","1310795437","1334313688","1357938522","1381705042","1404117217","1424406477","1444359000","1463981025","1482793202","1500803865","1518218454","1534974203","1550403081","1564163213","1576948542","1588655537","1599401284","1609667904","1619340880","1628894129","1637380591","1646417823","1658347386","1671059612",
"IDA & IBRD total","IBT","Population ages 15-64, female","SP.POP.1564.FE.IN","639053790","647032792","657564024","669388843","681891584","696298875","712306947","729734331","747818790","766168337","785711010","805479571","825397303","845581987","864665744","883295895","902082885","923104743","948288238","974392486","999982418","1026095268","1052635843","1080096362","1108391734","1136806450","1165306622","1193557151","1221643221","1249144915","1275532442","1301852007","1328616217","1355167867","1382732807","1411907231","1442020750","1473363136","1505238678","1537191609","1569236753","1601662780","1634365078","1666886859","1699696238","1732894919","1765106931","1795638009","1825904398","1855906494","1885305103","1913943095","1941758113","1968255977","1993786987","2018076225","2042040992","2065386047","2088144782","2110904475","2133558577","2156434963","2178490156","2201569943","2227751703","2254947195",
"IDA total","IDA","Population ages 15-64, female","SP.POP.1564.FE.IN","106308106","108713099","111181574","113670468","116214994","118902031","121725965","124683132","127781551","130982513","134213896","137498009","140891319","144491275","148301720","152206682","156195591","160286351","164666648","169369925","174158809","178926222","183913277","189064458","194246357","199649034","205272832","211099821","217068077","223178966","229408376","235856933","242716981","249889572","257368242","265116048","272905812","280842491","289086017","297487215","306009433","314706900","323569641","332573171","341757716","351189877","360989714","371231532","381545398","391925469","402511901","413139230","423539659","433281774","443383906","453913012","465092450","476730510","488743498","501236571","514217697","527540834","541109565","555152120","569404317","583887583",
"IDA blend","IDB","Population ages 15-64, female","SP.POP.1564.FE.IN","33053038","33801999","34555113","35308602","36074807","36890946","37761984","38678940","39651096","40678647","41755441","42858938","44010453","45241611","46550671","47947774","49412950","50956529","52578054","54336333","56457173","58669454","60661558","62481430","64259372","66187911","68225619","70339515","72528467","74778470","77151802","79595585","81952586","84339685","86865944","89533654","92359504","95283294","98305513","101334446","104459850","107714629","110887371","114079319","117441164","120879483","124394532","128180244","132069810","135933405","139789494","143503355","146979562","150256948","153545641","156865564","160235845","163847002","167691816","171657059","175882497","180396322","185010913","189684021","194485557","199452888",
"Indonesia","IDN","Population ages 15-64, female","SP.POP.1564.FE.IN","25666856","26269516","26866979","27455699","28032104","28552467","29055571","29626270","30287923","31031288","31829130","32673058","33558591","34484347","35452023","36462374","37511745","38598219","39722862","40886600","42092517","43341920","44630348","45951877","47304222","48679261","50064801","51457048","52858759","54257295","55649526","57040897","58427638","59827673","61240369","62645771","64040819","65431913","66813879","68167262","69462029","70682959","71862646","73034410","74175949","75297687","76434930","77565291","78687360","79820118","80967337","82135851","83329301","84521817","85692432","86819936","87894213","88929413","89924289","90889568","91829971","92712390","93609426","94533373","95412234","96268684",
"IDA only","IDX","Population ages 15-64, female","SP.POP.1564.FE.IN","73255068","74911100","76626461","78361866","80140187","82011085","83963981","86004192","88130455","90303866","92458455","94639071","96880866","99249664","101751049","104258908","106782641","109329822","112088594","115033592","117701636","120256768","123251719","126583028","129986985","133461123","137047213","140760306","144539610","148400496","152256574","156261348","160764395","165549887","170502298","175582394","180546308","185559197","190780504","196152769","201549583","206992271","212682270","218493852","224316552","230310394","236595182","243051288","249475588","255992064","262722407","269635875","276560097","283024826","289838265","297047448","304856605","312883508","321051682","329579512","338335200","347144512","356098652","365468099","374918760","384434695",
"Isle of Man","IMN","Population ages 15-64, female","SP.POP.1564.FE.IN","16444","16239","16279","16370","16432","16478","16591","16791","17005","17208","17398","17567","17721","17890","18080","18292","18525","18771","19038","19326","19648","19878","19976","20056","20088","20068","20203","20564","21010","21461","21880","22176","22338","22474","22627","22796","23035","23385","23786","24188","24588","24946","25232","25502","25795","26103","26399","26671","26920","27178","27438","27508","27360","27164","26964","26738","26568","26515","26508","26515","26519","26510","26463","26388","26323","26260",
"India","IND","Population ages 15-64, female","SP.POP.1564.FE.IN","118144457","120295513","122425161","124526542","126901855","129578258","132343649","135312120","138404605","141535821","144953923","148435785","151946411","155622246","159460697","163557483","167786179","172179319","176636385","181246933","186023725","190791815","195660452","200693014","205851639","211097486","216467816","221978459","227656017","233516960","239522996","245608173","251782015","258060685","264381336","270882805","277639883","284547205","291608868","298826025","306168114","313666863","321128980","328525527","336144349","343770236","351415759","359075982","366582809","374234147","382079870","389896933","397634456","405365662","412907483","420161099","427477653","434781814","441709500","448232319","454575427","460474670","465941614","471471101","477104306","482709804",
"Not classified","INX","Population ages 15-64, female","SP.POP.1564.FE.IN","","","","","","","","","","","","","","","","","","","","","","","","","","","","","","","","","","","","","","","","","","","","","","","","","","","","","","","","","","","","","","","","","","",
"Ireland","IRL","Population ages 15-64, female","SP.POP.1564.FE.IN","812212","809758","814002","819036","821737","821776","823036","827438","831961","836985","843067","852614","867152","883296","899424","915582","930876","944972","960351","976038","990498","1005495","1019017","1030800","1042264","1049932","1056958","1063619","1065957","1068453","1076199","1090019","1105825","1121361","1137871","1156647","1177988","1200809","1222838","1244868","1268865","1296964","1326348","1352061","1378177","1409819","1452594","1500652","1532613","1543308","1542091","1538695","1536486","1537370","1544391","1555358","1572253","1591670","1613775","1639581","1660433","1683635","1717832","1751375","1781418","1813704",
"Iran, Islamic Rep.","IRN","Population ages 15-64, female","SP.POP.1564.FE.IN","5499029","5613214","5744011","5888823","6062922","6267598","6478652","6688141","6899723","7121158","7360117","7612364","7878879","8165398","8468914","8777137","9073135","9370951","9680553","9997858","10331627","10883534","11468316","11880096","12283788","12687602","13130437","13593050","14011138","14397561","14838044","15306447","15677449","15723684","15851303","16348512","16931317","17633556","18450714","19314744","20209459","21125113","21816373","22486106","23342886","24170695","24939777","25573965","26086264","26545690","26957168","27324773","27654669","27959134","28227605","28456742","28707129","28980402","29230235","29468916","29676208","29958275","30379205","30799436","31165410","31493273",
"Iraq","IRQ","Population ages 15-64, female","SP.POP.1564.FE.IN","2045612","2085828","2125952","2169859","2217733","2267539","2321759","2382882","2450075","2519617","2585841","2648305","2702917","2750602","2805182","2866361","2934551","3025267","3134885","3245539","3361596","3481448","3601049","3731967","3875204","3997089","4126665","4272850","4406957","4559168","4646099","4720842","4880943","5135564","5400263","5598189","5793822","5989136","6192575","6408706","6636164","6862059","7100396","7341215","7584089","7849610","7950083","7932300","8135573","8475070","8779286","9109417","9542815","10017096","10394827","10709876","11009900","11307418","11623956","11944186","12276855","12630182","13009687","13403851","13790327","14190415",
"Iceland","ISL","Population ages 15-64, female","SP.POP.1564.FE.IN","49440","50186","51022","51985","52985","53971","55068","56157","57201","58106","58808","59753","61052","62331","63596","64972","66103","67005","67989","69056","70114","71300","72613","73759","74743","75553","76287","77447","79043","80168","80794","81841","82884","83606","84384","85031","85681","86597","87810","89136","90550","91882","92851","93772","94858","96484","98551","100964","103428","104521","104624","104934","105423","106185","107110","108012","109075","110986","113509","115728","117387","119170","122365","123840","124074","125680",
"Israel","ISR","Population ages 15-64, female","SP.POP.1564.FE.IN","629800","653736","686025","711115","740270","767958","789795","827243","847587","872876","905024","936251","960927","998222","1024206","1042777","1060768","1078908","1096234","1119782","1143375","1165309","1187787","1209862","1226423","1249210","1271552","1295911","1319865","1345438","1396454","1496956","1559550","1606925","1654227","1703931","1754863","1805590","1853425","1909259","1968115","2020032","2062463","2098216","2134138","2172459","2212490","2254028","2295715","2348874","2385198","2418423","2448536","2481294","2518698","2557740","2596110","2634781","2676090","2720058","2761871","2803288","2857890","2946360","2993234","3031884",
"Italy","ITA","Population ages 15-64, female","SP.POP.1564.FE.IN","16988057","17071373","17188123","17313306","17426535","17515461","17580697","17627003","17662883","17689996","17710545","17726565","17766616","17832562","17901471","17982897","18072420","18163705","18259364","18373148","18496162","18641056","18822994","19025088","19214513","19316167","19367199","19412670","19453624","19509307","19563982","19659568","19710394","19675873","19549347","19494556","19519423","19461793","19406121","19342183","19272586","19204978","19154567","19187170","19261243","19289676","19291495","19377995","19528774","19624908","19690718","19715227","19684934","19627970","19537666","19430836","19326093","19225647","19131383","19039054","18916510","18785140","18723019","18688147","18616663","18516169",
"Jamaica","JAM","Population ages 15-64, female","SP.POP.1564.FE.IN","485810","485507","485383","485152","484163","482912","482050","481216","480863","481949","485115","490811","498937","508798","519413","530341","541323","551921","562543","573800","585742","598285","611348","624274","636289","647001","656326","664534","672624","680964","689570","698869","708357","717897","727920","738464","749609","761446","774001","787152","800482","813647","826629","839508","852169","864820","877894","891406","904953","918315","931617","944876","957929","970367","982108","992456","1001171","1009118","1016405","1022786","1030309","1037316","1040788","1042121","1042316","1041296",
"Jordan","JOR","Population ages 15-64, female","SP.POP.1564.FE.IN","208005","216870","225344","234106","244365","257574","274414","294518","316533","338445","358634","376308","391769","406209","420476","434931","449823","465698","482934","501902","523454","547907","575226","605183","637219","671170","707137","745223","785793","829869","910729","998380","1060253","1124159","1185625","1240199","1286131","1325295","1361829","1398766","1436862","1476780","1518914","1563713","1613416","1666178","1790970","1919276","1982508","2043367","2106289","2177550","2225687","2345783","2565260","2786191","2938516","3022556","3109045","3192107","3271919","3356559","3442004","3528548","3589846","3600069",
"Japan","JPN","Population ages 15-64, female","SP.POP.1564.FE.IN","31069124","31610412","32377863","33192750","33931845","34561368","35103477","35600207","36019847","36420679","36792772","37458212","37702676","37954627","38224754","38515284","38744409","38945776","39147920","39363632","39615225","39805412","40035961","40394257","40703513","41019413","41372937","41736642","42103311","42459905","42731986","42954381","43103931","43204873","43249197","43232172","43170424","43081763","43004309","42884610","42720289","42549925","42381442","42246220","42002984","41654967","41300725","40985707","40647149","40370687","40231266","39857725","39291581","38710600","38195235","37776215","37451598","37191808","36977374","36817424","36616170","36368167","36207963","36062674","35908297","35733730",
"Kazakhstan","KAZ","Population ages 15-64, female","SP.POP.1564.FE.IN","2881669","2943525","3028360","3122138","3221801","3325758","3431566","3538137","3646631","3751947","3854196","3960266","4070475","4180240","4287542","4394273","4494635","4589599","4687241","4721544","4744415","4819277","4891653","4961899","5028822","5092724","5174916","5275313","5374155","5454946","5508995","5551742","5574043","5564980","5509074","5438115","5378752","5313578","5251492","5257586","5332885","5408295","5478285","5540262","5593399","5644619","5699045","5757170","5816923","5890132","5972040","6038129","6085252","6120162","6147569","6172124","6200227","6234923","6261299","6273032","6282010","6302738","6353487","6415519","6472365","6532721",
"Kenya","KEN","Population ages 15-64, female","SP.POP.1564.FE.IN","1916752","1980649","2046652","2115429","2189259","2264745","2340313","2421054","2508166","2600817","2696758","2788838","2880417","2978244","3079316","3182474","3286547","3400867","3528744","3664183","3811547","3966877","4127658","4300411","4481767","4667291","4855096","5045677","5245364","5454977","5672082","5884969","6095860","6310999","6531130","6752599","6971675","7196537","7430539","7687859","7970721","8278077","8596531","8916450","9248265","9581918","9916915","10252691","10596824","10951950","11305395","11658411","12017584","12385716","12757069","13132098","13532485","13951172","14357025","14769597","15211252","15661617","16126766","16614458","17106066","17596070",
"Kyrgyz Republic","KGZ","Population ages 15-64, female","SP.POP.1564.FE.IN","642069","657956","673808","691550","710462","730767","754263","777534","801281","823728","842751","860631","879774","900003","922514","945202","967430","989487","1011415","1034290","1057866","1082348","1107826","1134275","1162834","1191771","1219435","1246166","1270348","1297133","1319441","1337465","1349044","1339440","1330770","1347198","1377016","1411650","1452088","1493118","1526639","1555103","1583507","1613016","1643891","1672814","1698769","1721460","1745624","1779504","1812388","1834882","1856186","1881669","1908424","1936848","1970301","2009264","2048960","2086557","2122583","2158722","2196530","2234639","2273744","2315302",
"Cambodia","KHM","Population ages 15-64, female","SP.POP.1564.FE.IN","1452634","1481472","1511726","1541563","1572007","1604888","1639029","1674708","1711970","1750749","1751565","1739295","1762258","1794957","1827542","1805410","1719909","1625417","1530106","1533664","1582367","1601477","1646843","1708866","1770189","1823585","1889440","1959943","2019690","2073988","2129245","2174619","2261897","2382169","2529186","2739070","2983746","3252590","3443488","3546540","3651362","3756964","3862044","3967466","4074309","4181515","4295282","4412842","4527017","4636618","4738465","4831197","4912969","4986148","5054396","5118882","5182562","5245897","5307670","5370969","5447754","5530763","5609279","5686846","5760017","5829326",
"Kiribati","KIR","Population ages 15-64, female","SP.POP.1564.FE.IN","12648","12917","13206","13518","13857","14211","14414","14452","14492","14706","15084","15456","15832","16227","16464","16532","16577","16598","16623","16870","17322","17773","18224","18654","19054","19455","19908","20383","20844","21293","21748","22116","22385","22658","22976","23341","23783","24310","24872","25463","26095","26788","27534","28292","29049","29809","30601","31420","32237","33070","33922","34724","35453","36157","36828","37457","38031","38544","39015","39487","40083","40759","41416","42072","42764","43505",
"St. Kitts and Nevis","KNA","Population ages 15-64, female","SP.POP.1564.FE.IN","15292","15055","14712","14318","13888","13427","12932","12415","11881","11341","11090","11223","11438","11626","11780","11893","11971","12017","12022","11989","11985","12040","12095","12108","12082","12029","11960","11877","11770","11645","11504","11496","11710","12008","12310","12611","12907","13199","13496","13794","14100","14395","14672","14936","15187","15422","15633","15821","15997","16160","16314","16507","16707","16886","17061","17199","17289","17344","17377","17376","17345","17317","17306","17286","17228","17114",
"Korea, Rep.","KOR","Population ages 15-64, female","SP.POP.1564.FE.IN","6943592","7080341","7200397","7329435","7468725","7630016","7810692","8010053","8234218","8476242","8744626","8998587","9242749","9503561","9789371","10106448","10439463","10766687","11086076","11391990","11694731","11991379","12277163","12577829","12889307","13190003","13481252","13756668","14019492","14269782","14509434","14733743","14949204","15149122","15347325","15565103","15786865","15993021","16143207","16261978","16366112","16458651","16539689","16619658","16686312","16739671","16851919","16960166","17124639","17249895","17368820","17573990","17761158","17910061","18066632","18196072","18285161","18296335","18307988","18296466","18212428","18061692","17902988","17788862","17651149","17446370",
"Kuwait","KWT","Population ages 15-64, female","SP.POP.1564.FE.IN","66698","72986","79903","87427","95438","103995","114479","127030","140498","154367","167594","181570","197335","214049","232207","252829","272130","288963","306491","324378","342143","362503","386051","410535","433172","455217","477623","499509","522819","547539","421682","346796","424652","436570","429828","428766","440707","458328","477341","497422","518178","539108","559670","579423","598104","629616","680755","738252","796281","855153","914793","979950","1039861","1084879","1118320","1147275","1169603","1178299","1196371","1226072","1238143","1236302","1295348","1376736","1397344","1393845",
"Latin America & Caribbean (excluding high income)","LAC","Population ages 15-64, female","SP.POP.1564.FE.IN","53801454","55188868","56644258","58169658","59780317","61467043","63213070","65023396","66896767","68828928","70809782","72841093","74936421","77100611","79334126","81625736","83966335","86379328","88874904","91432925","94042823","96722349","99462268","102241185","105056725","107891374","110736945","113609068","116520635","119461731","122452413","125456626","128476397","131512476","134548282","137620838","140725489","143864619","147051188","150249408","153395311","156473014","159505112","162510070","165493901","168462146","171413258","174359925","177307084","180221214","183069032","185860948","188590611","191252682","193825037","196290304","198676065","200925534","202953375","204830323","206658231","208345186","209986358","211677628","213305007","214845622",
"Lao PDR","LAO","Population ages 15-64, female","SP.POP.1564.FE.IN","599210","612122","625594","639244","652404","666226","681180","696364","711892","727750","743956","760606","777688","795002","811466","825542","836645","845442","853702","863515","876392","892891","912799","935201","959341","985164","1012544","1041252","1071144","1101983","1133356","1164866","1196295","1227661","1258997","1290411","1322216","1351815","1379452","1407927","1438209","1470879","1505335","1541048","1577409","1618611","1669232","1724406","1778785","1831556","1882157","1930930","1978213","2024492","2070243","2117151","2165081","2211699","2256765","2300918","2345108","2389240","2433092","2476676","2519425","2561037",
"Lebanon","LBN","Population ages 15-64, female","SP.POP.1564.FE.IN","464895","474552","485606","497925","511189","526507","544540","562803","581818","601821","621212","641549","663108","684903","706648","728663","748708","768942","792273","816049","840807","866232","888757","909869","933667","958976","989398","1019647","1044259","1068761","1092708","1117275","1143601","1169787","1195950","1224004","1254137","1284833","1315865","1347681","1379542","1410907","1439179","1468529","1503028","1537804","1575392","1616678","1652961","1682883","1704410","1725757","1774483","1946528","2149669","2180995","2111719","2041701","1971608","1901861","1868939","1876174","1887544","1897962","1911432","1931132",
"Liberia","LBR","Population ages 15-64, female","SP.POP.1564.FE.IN","304514","312362","320111","327538","334904","342777","351060","359621","368527","377738","387361","397197","407385","418182","429382","440961","452796","465418","479002","493034","507625","522467","537385","553816","571749","589868","607998","626470","645864","666273","591142","522957","555467","579682","580872","588669","607977","659040","730485","773033","803038","827469","849407","856228","866012","904156","954168","1000673","1041630","1075149","1106681","1159136","1206887","1231539","1257059","1284784","1313667","1341669","1371409","1403618","1440535","1480984","1524136","1569712","1615215","1660260",
"Libya","LBY","Population ages 15-64, female","SP.POP.1564.FE.IN","382335","393443","405013","416695","428155","432547","431171","432582","437879","448002","463239","479945","497079","528028","565489","597971","632480","669258","706751","745166","786161","828800","837741","811640","818417","859162","900172","941488","983518","1026944","1071808","1117993","1165707","1214916","1265115","1315426","1364643","1411967","1456415","1500685","1552216","1609397","1667225","1726154","1785730","1845563","1900559","1950650","2000980","2049474","2095244","2013411","1930040","1976308","2020906","2058319","2095854","2137322","2182482","2228069","2273116","2317818","2362199","2403798","2443047","2483435",
"St. Lucia","LCA","Population ages 15-64, female","SP.POP.1564.FE.IN","24473","24150","23935","23795","23703","23663","23952","24501","24951","25299","25514","25695","25973","26341","26801","27362","28002","28863","29849","30715","31441","32113","32804","33457","34070","34682","35328","35997","36926","38060","39093","39964","40767","41599","42433","43317","44278","45310","46481","47717","48863","49890","50842","51802","52770","53746","54718","55656","56508","57267","58092","58994","59824","60581","61320","62064","62745","63322","63823","64282","64693","64993","65213","65417","65604","65719",
"Latin America & Caribbean","LCN","Population ages 15-64, female","SP.POP.1564.FE.IN","58743769","60235187","61800688","63441145","65166466","66967369","68826290","70748051","72735715","74787479","76896922","79067930","81309584","83626092","86014455","88461514","90956336","93520999","96169698","98880276","101645267","104479885","107374044","110305887","113272498","116256642","119250598","122270251","125328272","128414963","131553484","134704964","137873230","141061980","144252825","147481955","150747873","154047655","157392376","160749173","164048634","167277150","170461099","173620049","176759821","179861714","182961527","186052766","189140262","192189259","195174867","198099317","200951921","203728312","206403045","208964514","211454034","213821765","215970195","218001429","219912120","221649017","223334776","225082501","226767805","228350698",
"Least developed countries: UN classification","LDC","Population ages 15-64, female","SP.POP.1564.FE.IN","66719028","68185500","69702057","71220022","72765679","74388503","76076384","77840826","79686344","81576451","83449094","85354399","87327553","89425140","91640994","93855987","96075113","98303233","100736050","103352219","105698328","107935901","110617251","113646307","116778089","119965320","123210277","126564762","129983404","133481883","137008311","140661167","144751894","149125995","153654448","158271673","162748600","167269018","172051580","176977794","181860131","186788594","191992584","197338768","202692615","208219662","213900284","219589448","225485533","231658615","237992183","244584509","251403333","258433826","265653712","272997562","280619137","288319904","296033481","303979870","312200310","320493360","328915011","337706032","346637921","355721034",
"Low income","LIC","Population ages 15-64, female","SP.POP.1564.FE.IN","37424703","38287229","39176996","40065436","40967100","41894698","42814206","43746932","44732168","45754403","46810777","47879186","48949373","50107734","51358249","52640254","53942449","55242624","56743867","58330007","59578697","60684135","62145540","63873653","65643024","67436550","69217850","71050447","72915701","74818486","76675596","78614789","80901518","83341750","85788724","88238475","90571102","92858597","95382605","98112750","100772904","103537151","106644336","109904372","113193563","116644391","120378840","124288191","128194076","132191549","136355691","140622337","144799097","148707161","152649439","156921763","161741508","166983683","172569250","178458704","184423628","190349316","196348468","202702356","209165764","215688084",
"Liechtenstein","LIE","Population ages 15-64, female","SP.POP.1564.FE.IN","5332","5474","5662","5877","6092","6228","6340","6512","6713","6753","6746","6897","7093","7339","7582","7741","7849","8012","8262","8498","8535","8647","8903","9047","9168","9309","9455","9580","9735","9875","10040","10205","10331","10487","10617","10730","10840","10933","11096","11291","11472","11707","11905","12051","12173","12272","12359","12406","12442","12483","12556","12644","12721","12787","12836","12892","12924","12943","12964","12992","13042","13066","13073","13076","13152","13198",
"Sri Lanka","LKA","Population ages 15-64, female","SP.POP.1564.FE.IN","2449022","2525122","2606830","2691854","2775956","2859317","2945329","3034642","3126561","3220116","3313779","3406690","3500506","3597308","3696765","3797183","3896882","3995695","4094139","4192028","4288374","4378031","4447485","4491983","4521704","4577977","4675870","4775987","4867508","4962656","5027959","5103398","5243769","5397594","5540196","5692527","5857586","6017515","6172676","6327787","6483946","6624277","6725333","6801079","6869303","6930892","6991468","7051279","7107972","7160310","7207798","7251423","7295416","7073840","7117365","7161126","7223886","7292258","7354683","7390987","7423061","7497801","7500131","7442769","7392361","7328120",
"Lower middle income","LMC","Population ages 15-64, female","SP.POP.1564.FE.IN","204418162","208467586","212556143","216640858","221045978","225892691","230971078","236370014","242025620","247832230","253958191","260218742","266665357","273447112","280519296","287923067","295527120","303424410","311520433","320033958","329174865","338471271","347796556","357259642","366886389","376785654","386986571","397472581","408256581","419344138","431314647","443011782","454757917","466778533","479160697","491991355","505235132","518855670","532809791","546950084","561363898","576008258","590498846","604974000","619863660","634857158","649931170","665253796","680465702","695770486","711286875","726756163","742063379","757386140","772608816","787388265","802184835","816859667","830950528","844804101","859095426","873460580","887755482","902465821","917442309","932518312",
"Low & middle income","LMY","Population ages 15-64, female","SP.POP.1564.FE.IN","578166716","586055308","596131167","607352859","619072016","632669891","648084608","664783871","682215506","699925242","718671041","737699973","757056659","776716457","795335434","813557506","831935219","852689925","877716045","903728477","929196564","955017233","981151859","1008286858","1036307211","1064456272","1092738203","1120864251","1148909440","1176416706","1203436825","1229857553","1256737845","1283253805","1310658738","1339595420","1369471590","1400492666","1431806407","1463105861","1494751630","1526921450","1559517242","1592009560","1624855391","1658111881","1690340348","1720837392","1750922238","1780595378","1809874135","1838704466","1866886681","1893832273","1919934898","1944906131","1969535794","1993542763","2016922163","2040281833","2063750416","2087436957","2110082439","2133677153","2160277632","2187922292",
"Lesotho","LSO","Population ages 15-64, female","SP.POP.1564.FE.IN","223373","229218","235502","242468","250354","258054","266666","275097","281997","289375","297220","305510","314231","323330","332712","342316","352121","361647","370680","379538","388445","397604","407093","416936","427182","437861","453992","468521","476335","484491","493121","502250","511790","521621","531670","541803","551414","560134","567975","574640","579897","583680","586264","587487","586944","584665","585299","591090","597989","604518","611007","617785","624977","632110","638844","646019","654326","663773","673924","683958","694219","704782","715498","726981","739057","751340",
"Late-demographic dividend","LTE","Population ages 15-64, female","SP.POP.1564.FE.IN","311136231","312567274","316346969","321334318","326532056","333208341","341187871","350019122","359116040","368197324","378032200","387948165","397839462","407519670","415603738","422724838","429619834","438347162","450752638","463480318","475232607","487045633","498698225","510948521","523765930","536390729","548774796","560519107","571813958","582203906","590859663","599266730","607930690","616212091","624845322","633968629","643610910","654122471","664602300","674667832","684657008","694938850","705637615","716088127","726277146","736669695","745918458","753547058","760637367","767003449","772235478","776828457","780993450","784059929","786405871","787658237","788274883","788084253","787246290","786464391","785288081","784295956","783517372","783062539","784281690","785975165",
"Lithuania","LTU","Population ages 15-64, female","SP.POP.1564.FE.IN","987658","995012","1002315","1008488","1015383","1021719","1027491","1034230","1039533","1043710","1051959","1063874","1075207","1087742","1100676","1113202","1126126","1138284","1149451","1159278","1169142","1181727","1196521","1211740","1225037","1236850","1248208","1258537","1262969","1269193","1274587","1271757","1265691","1256455","1247363","1238356","1229187","1220289","1212433","1206726","1203441","1198142","1191660","1184219","1171765","1154310","1138910","1128653","1119117","1108754","1082926","1053506","1037706","1025156","1012325","998165","979461","957149","939151","926616","916639","911236","919996","934343","936604","930125",
"Luxembourg","LUX","Population ages 15-64, female","SP.POP.1564.FE.IN","107639","107905","108618","109206","109818","110474","110728","110563","110495","110914","111383","112417","113822","115172","116946","118680","119884","120638","121237","121981","123052","124277","125409","126474","127326","127827","128393","129011","129309","129658","130356","131202","132232","133449","134739","136204","137669","139055","140468","141961","144224","146496","148039","149951","152094","154587","157476","160361","163698","167199","170696","175049","179731","183977","188474","193129","197723","202886","206671","210592","213783","216506","220786","224883","227423","229794",
"Latvia","LVA","Population ages 15-64, female","SP.POP.1564.FE.IN","802604","807264","812535","818974","825877","830654","832315","834424","837405","839689","842120","844713","847795","853464","859950","865590","870811","875615","880209","883079","885089","889394","895903","901873","906847","912526","918681","924671","928914","930060","927854","916676","896587","878040","863901","852928","845299","839256","835535","834744","831635","824822","818892","812889","804410","795600","786951","778381","767767","752159","734015","717596","704084","690550","676710","664350","652505","641081","631103","621726","612850","605304","602293","602198","594528","585382",
"Macao SAR, China","MAC","Population ages 15-64, female","SP.POP.1564.FE.IN","48873","48761","49959","51380","53055","55441","58488","61607","64608","67402","70498","71090","76433","63386","45966","51105","55921","60500","65262","70631","76141","80402","84660","90308","95737","99049","102230","106842","111474","115901","119777","125809","132016","135881","140164","144743","147283","148934","151976","155440","158689","162383","166707","171461","178788","189284","202396","214142","224848","224520","227052","233462","241138","250420","261914","269647","272549","269686","272315","275309","278349","275337","271957","271441","273061","270333",
"St. Martin (French part)","MAF","Population ages 15-64, female","SP.POP.1564.FE.IN","1095","1122","1149","1180","1219","1272","1343","1428","1494","1536","1578","1624","1671","1720","1777","1857","1958","2062","2169","2279","2398","2525","2934","3694","4539","5409","6289","7168","8049","8938","9478","9597","9647","9699","9758","9825","9901","9980","10060","10236","10535","10859","11179","11489","11796","12107","12422","12739","13059","13378","13570","13608","13630","13653","13664","13622","13518","13386","12829","11357","10322","10085","9676","9099","8483","7998",
"Morocco","MAR","Population ages 15-64, female","SP.POP.1564.FE.IN","3071537","3119317","3173360","3229783","3296822","3373186","3452145","3536629","3627173","3723786","3826676","3935402","4048267","4166316","4291975","4425931","4567961","4719896","4880315","5045171","5215099","5389424","5566778","5745640","5923715","6102345","6277241","6448510","6622958","6800353","6981392","7161650","7341770","7524860","7711661","7897924","8080695","8264423","8450397","8637273","8822566","9007825","9192556","9375008","9563771","9759266","9946366","10122984","10293880","10458365","10617135","10771348","10923532","11074548","11217238","11348666","11483163","11615756","11730663","11836495","11954752","12081448","12210601","12347343","12484183","12618860",
"Monaco","MCO","Population ages 15-64, female","SP.POP.1564.FE.IN","7932","7971","8002","8016","8019","8028","8034","8043","8083","8154","8248","8329","8381","8430","8479","8531","8605","8700","8811","8940","9078","9220","9352","9447","9524","9602","9686","9777","9874","9987","10089","10150","10192","10231","10264","10293","10325","10363","10401","10434","10438","10397","10333","10274","10216","10160","10105","10048","9997","9963","9937","9913","9894","9887","9886","9888","9890","9887","9889","9831","9739","9701","9836","9929","9826","9724",
"Moldova","MDA","Population ages 15-64, female","SP.POP.1564.FE.IN","695026","703819","714056","726316","740749","756848","774039","792063","810692","829813","846429","860351","874369","888220","902147","915676","928107","939383","949394","956503","962822","970825","978861","986312","992634","997990","1003160","1008951","1015149","1017836","1016931","1015580","1013013","1009435","1005982","1002984","1004551","1006605","1014874","1024220","1033929","1043983","1054322","1064153","1072734","1077031","1077353","1077511","1079012","1082370","1086276","1088970","1089261","1084339","1071792","1048129","1021000","990337","961882","936214","916658","895569","866657","837322","812729","792912",
"Madagascar","MDG","Population ages 15-64, female","SP.POP.1564.FE.IN","1259982","1281935","1305252","1330958","1364128","1404467","1446962","1490942","1536415","1583241","1631386","1680838","1731486","1783873","1838718","1896058","1955569","2017156","2080797","2146637","2215076","2286662","2361961","2440970","2523361","2609286","2699036","2792523","2889445","2989569","3092753","3198887","3308132","3421027","3537420","3656569","3777847","3901383","4027602","4156823","4289032","4421726","4554917","4692771","4838650","4995259","5162170","5336909","5519732","5711457","5912379","6122561","6341100","6566284","6792509","7016916","7242299","7469436","7698585","7930906","8166617","8405115","8648696","8899976","9158335","9420944",
"Maldives","MDV","Population ages 15-64, female","SP.POP.1564.FE.IN","23385","23952","24459","24893","25221","25622","26188","26789","27421","28090","28813","29604","30477","31435","32438","33477","34603","35830","36934","37926","39042","40296","41689","43194","44744","46210","47594","49038","50586","52231","53909","55585","57326","59197","61235","63418","65691","68043","70515","73137","76063","79308","82637","85973","89344","92731","96117","99467","102694","105759","108674","111445","114061","116513","118884","121400","124013","126551","129028","131456","133862","136291","138106","139312","140853","142737",
"Middle East, North Africa, Afghanistan & Pakistan","MEA","Population ages 15-64, female","SP.POP.1564.FE.IN","41142995","42053680","43000091","43965988","44971918","46031043","47167406","48416307","49727611","51121299","52583000","54085478","55638673","57298770","59044543","60893853","62825754","64833278","66938376","69148279","71539237","74071875","76590407","79097370","81687097","84360171","87106752","89934161","92794412","95726859","99159135","102315012","105628853","108845128","112184143","115821388","119656424","123714034","128006593","132467174","136978879","141575821","146134197","150778606","155667415","160646190","165741703","170930652","175982304","180848269","185178182","189580527","193665489","197517450","201040223","204636684","208197132","211744713","215458280","219607942","224272041","228505775","233826896","239554898","245244375","250761497",
"Mexico","MEX","Population ages 15-64, female","SP.POP.1564.FE.IN","9315219","9590573","9884817","10196498","10522745","10858450","11206325","11568339","11940490","12319502","12703084","13092263","13493483","13910486","14345003","14799025","15273094","15768855","16289650","16837441","17411587","18039450","18711623","19391058","20076791","20765522","21459142","22163123","22875050","23591107","24320595","25053216","25764144","26449457","27122203","27794808","28468906","29142518","29810812","30476586","31132808","31757673","32357537","32951465","33555790","34186215","34844475","35541810","36271117","37007982","37740201","38453783","39131002","39780850","40406577","41004330","41584874","42156859","42724887","43279157","43790170","44251459","44718784","45203197","45671216","46118269",
"Marshall Islands","MHL","Population ages 15-64, female","SP.POP.1564.FE.IN","3449","3530","3629","3733","3851","3987","4127","4315","4594","4921","5211","5404","5540","5683","5856","6053","6250","6447","6644","6847","7076","7345","7643","7947","8256","8569","8885","9207","9549","9881","10201","10531","10866","11211","11570","11936","12308","12695","13084","13457","13793","14091","14358","14591","14785","14924","14996","15010","14989","14952","14915","14858","14762","14643","14502","14329","14109","13839","13545","13248","12945","12518","12015","11547","11156","10844",
"Middle income","MIC","Population ages 15-64, female","SP.POP.1564.FE.IN","540742013","547768079","556954171","567287423","578104916","590775193","605270402","621036939","637483338","654170839","671860264","689820787","708107286","726608723","743977185","760917252","777992770","797447301","820972178","845398470","869617867","894333098","919006319","944413205","970664187","997019722","1023520353","1049813804","1075993739","1101598220","1126761229","1151242764","1175836327","1199912055","1224870014","1251356945","1278900488","1307634069","1336423802","1364993111","1393978726","1423384299","1452872906","1482105188","1511661828","1541467490","1569961508","1596549201","1622728162","1648403829","1673518444","1698082129","1722087584","1745125112","1767285459","1787984368","1807794286","1826559080","1844352913","1861823129","1879326788","1897087641","1913733971","1930974797","1951111868","1972234208",
"North Macedonia","MKD","Population ages 15-64, female","SP.POP.1564.FE.IN","431830","439028","446865","456203","466801","476786","487216","498294","509734","521618","533692","544934","555466","566043","577010","588002","598439","608296","618580","629538","640829","652530","662434","669998","676834","683001","688579","693776","698530","702903","706804","703152","691697","679328","673064","675622","681115","677004","681814","685720","689086","692349","688573","691565","691789","690960","689796","687632","684835","681443","677810","674995","671504","666395","661924","658162","653829","648450","641553","632633","621631","612306","607779","603413","599466","596162",
"Mali","MLI","Population ages 15-64, female","SP.POP.1564.FE.IN","1514739","1537701","1561480","1584604","1605852","1627579","1649920","1671774","1693732","1715743","1738356","1760751","1783484","1807834","1832535","1856681","1879419","1902866","1928157","1954076","1981990","2011534","2042381","2075825","2109075","2138342","2162624","2183715","2206322","2235028","2270832","2309448","2350847","2397323","2449257","2505436","2563882","2627819","2702704","2787737","2878246","2974057","3075097","3179340","3285831","3392286","3499163","3608646","3719829","3831731","3944887","4059565","4156298","4260493","4393280","4532284","4682428","4844126","5012790","5188867","5380056","5584055","5791306","6004274","6226153","6457077",
"Malta","MLT","Population ages 15-64, female","SP.POP.1564.FE.IN","101165","101619","102220","102849","103482","103724","103533","103241","102899","102471","102546","103111","103536","103917","104239","105306","106038","106520","107559","108447","109268","109667","111555","112577","111998","113378","114921","115564","116371","117332","118333","121499","122700","123917","125187","126160","127151","128450","129591","130616","131705","132811","133882","134997","136301","137645","138762","140020","141406","142158","142034","141642","141540","141569","143063","145594","148211","151632","156256","161331","163812","163644","166418","171901","175985","178666",
"Myanmar","MMR","Population ages 15-64, female","SP.POP.1564.FE.IN","6145077","6238935","6337779","6442937","6566514","6710535","6863585","7023558","7190607","7364216","7544612","7728877","7917445","8097597","8268322","8444083","8623210","8811064","9009548","9211481","9418077","9626688","9829238","10051186","10297913","10547161","10797292","11048332","11301659","11553222","11799400","12035604","12265200","12497167","12735626","12980006","13229676","13490822","13763698","14038614","14302789","14547908","14772202","14978490","15177328","15373588","15567144","15760506","15931102","16103898","16307346","16522169","16744024","16962959","17164081","17344605","17517758","17685642","17839424","17980011","18117067","18252693","18387097","18518759","18644672","18765335",
"Middle East, North Africa, Afghanistan & Pakistan (excluding high income)","MNA","Population ages 15-64, female","SP.POP.1564.FE.IN","39496578","40350202","41229544","42135295","43075969","44068992","45141771","46307340","47548583","48863137","50235639","51642966","53097850","54639774","56270551","58003251","59812265","61688955","63655511","65713914","67947535","70315085","72654696","74976147","77385481","79871467","82428389","85056965","87714001","90435421","93772549","96729460","99717390","102680999","105777521","109154964","112694305","116426630","120383142","124488779","128655543","132924026","137143641","141442840","145972130","150568102","155215711","159847461","164311181","168628092","172800703","176695736","180245351","183491063","186604236","189591447","192619930","195887041","199530017","203450370","207516345","211801755","216338285","221167129","226027439","230770993",
"Montenegro","MNE","Population ages 15-64, female","SP.POP.1564.FE.IN","148582","151258","154481","158002","161079","163024","163538","163160","162708","162809","163743","165679","168595","172210","175717","178478","180449","182101","183894","186094","188660","191810","195454","198949","201785","203703","204647","204871","204642","204237","203897","204064","204803","205724","206569","207202","207581","207807","207976","208166","208462","209823","211053","212065","212046","211670","211544","211769","212184","212742","213500","214250","214587","214516","213967","212958","212028","211110","209933","208534","206992","205475","204304","203605","202947","201890",
"Mongolia","MNG","Population ages 15-64, female","SP.POP.1564.FE.IN","276724","279758","282787","285935","289192","292523","295999","299700","303741","309057","316040","324208","333539","344016","355619","368254","381758","395920","410509","424971","439317","454015","469050","484385","499967","515782","531893","548417","565511","582156","580116","604578","611926","618155","632233","649768","667385","685008","703743","724681","746470","768156","791036","814024","835334","855330","874401","892584","910552","928014","942784","958285","976010","992317","1006840","1018379","1026931","1033145","1037648","1040789","1048598","1061816","1074941","1089458","1105487","1124478",
"Northern Mariana Islands","MNP","Population ages 15-64, female","SP.POP.1564.FE.IN","1990","2047","2107","2185","2273","2369","2480","2541","2478","2334","2356","2637","2996","3331","3559","3705","3843","3971","4097","4227","4606","5376","6349","7439","8610","9807","10995","12150","13265","14351","15040","15235","15335","15455","15581","16138","18112","21084","24059","27007","28443","27883","26822","25747","24666","23585","22511","21441","20363","19277","18548","18284","18110","17889","17625","17328","17013","16693","16358","16021","15775","15479","15041","14593","14199","13890",
"Mozambique","MOZ","Population ages 15-64, female","SP.POP.1564.FE.IN","1961904","1988313","2014955","2043292","2072507","2102356","2133735","2166925","2202100","2239324","2279055","2326408","2389635","2467539","2554453","2649704","2750706","2864123","2990877","3115959","3187087","3220693","3266726","3315216","3369125","3427917","3485514","3498228","3491971","3521236","3573840","3645970","3720402","3846762","4126875","4394407","4552393","4685647","4798089","4910458","5022465","5137974","5257308","5380491","5506566","5636155","5769418","5904721","6042715","6185479","6334845","6497713","6674301","6859587","7054958","7259804","7473249","7696868","7925654","8158268","8403205","8658493","8925374","9213073","9520279","9837312",
"Mauritania","MRT","Population ages 15-64, female","SP.POP.1564.FE.IN","235367","241653","248110","254573","260576","266055","271554","277348","283453","289867","296582","303603","310940","318642","326741","335266","344225","353333","362642","372487","382894","393890","405464","417541","430095","443140","456641","470573","484955","496543","508560","524312","548786","575876","597139","612569","621198","633661","651259","670743","692146","711712","729766","748836","768757","789497","811103","833813","860769","891761","923283","955147","987531","1020033","1052751","1086449","1121212","1157131","1194334","1232920","1273099","1314743","1358905","1405705","1452828","1499766",
"Mauritius","MUS","Population ages 15-64, female","SP.POP.1564.FE.IN","170851","169913","173398","177838","183257","188886","194664","200553","206553","212740","219198","225932","232961","240240","247603","255067","262672","270385","277179","285004","292500","299212","304977","309621","314265","317746","320816","323826","326778","330376","334053","339107","345307","351443","358783","364565","371085","378318","384567","391146","396165","400522","404658","409185","413689","418516","423353","428548","433369","437398","440875","443738","446109","447032","447485","447674","447333","447180","447113","447144","447074","446980","445602","440473","438483","436256",
"Malawi","MWI","Population ages 15-64, female","SP.POP.1564.FE.IN","1023415","1051092","1079162","1105578","1131246","1155767","1178515","1201987","1226125","1250718","1276292","1303796","1333435","1365316","1399649","1436255","1475391","1519286","1568866","1622990","1681160","1742812","1807423","1875299","1946646","2020769","2095170","2201719","2327829","2438209","2532877","2607343","2678743","2712780","2677667","2672331","2726116","2782573","2843376","2904996","2967552","3034280","3103783","3178126","3257594","3341652","3431402","3527943","3634545","3749625","3869312","3993329","4122770","4260917","4407790","4562837","4728548","4903919","5086879","5278860","5480429","5689502","5904759","6125830","6351367","6577920",
"Malaysia","MYS","Population ages 15-64, female","SP.POP.1564.FE.IN","2009660","2053802","2102584","2156248","2214832","2282138","2357839","2437088","2519163","2604321","2693011","2784647","2877836","2973211","3071886","3174428","3281117","3391677","3504974","3619026","3741396","3872389","4003822","4137640","4275414","4417342","4562953","4712737","4867961","5029128","5196668","5366666","5532468","5693174","5853368","6016771","6183905","6354784","6532282","6719947","6917336","7121133","7328875","7541255","7761486","7991194","8227450","8466493","8707736","8950051","9179093","9379021","9560967","9740576","9919059","10096093","10271289","10444099","10616333","10790206","10970467","11165199","11369965","11571862","11761748","11941185",
"North America","NAC","Population ages 15-64, female","SP.POP.1564.FE.IN","60386815","61225904","62268516","63360135","64448850","65478775","66568012","67756781","68959007","70166772","71504158","73058952","74459752","75867399","77271016","78706253","80099627","81451962","82736186","83978425","85016441","85939554","86730645","87414031","88059372","88765802","89484986","90081424","90590613","91137559","91779403","92598735","93565485","94594890","95676640","96840064","98060467","99375335","100692173","102012853","103325249","104592769","105860528","107052249","108310241","109587049","110859685","111949956","112930256","113832238","114724890","115389017","115837963","116213122","116660297","117111473","117606694","117990708","118291897","118521364","118659311","118545271","119025272","119855521","120825176","121012082",
"Namibia","NAM","Population ages 15-64, female","SP.POP.1564.FE.IN","165474","168392","171558","174940","178705","182694","186771","191209","195902","200850","206087","211503","217146","222840","228659","234840","240345","245405","246865","248446","252059","252906","257267","266133","275604","286107","298022","310997","325988","357026","386958","400492","413510","427364","441456","455323","469106","482612","496015","509664","523420","536691","549159","561006","572945","586177","600435","614625","628556","641985","654666","667144","681955","699269","717195","735491","753733","771724","789890","808803","828863","849588","870863","894432","917853","940047",
"New Caledonia","NCL","Population ages 15-64, female","SP.POP.1564.FE.IN","21328","21982","22680","23357","23982","24613","25274","25963","26684","27547","28674","29981","31376","32870","34457","36137","37564","38542","39381","40242","41138","42068","43024","44126","45432","46819","48228","49654","51092","52581","54288","56156","58004","59833","61652","63471","65226","66867","68470","70067","71644","73262","74949","76725","78447","79963","81305","82510","83624","84892","86604","88573","90540","92505","94212","95172","95636","96050","96407","96689","97047","97532","98213","99046","99786","100473",
"Niger","NER","Population ages 15-64, female","SP.POP.1564.FE.IN","957011","985458","1013814","1040004","1064788","1090933","1118577","1147356","1177146","1207793","1239287","1271371","1304349","1338653","1374207","1411204","1449722","1489704","1531104","1573869","1617383","1661121","1705311","1750380","1796665","1845114","1896672","1950917","2007589","2067140","2129310","2193493","2259833","2329070","2401655","2478376","2556142","2632351","2710887","2791919","2874931","2960977","3049434","3140853","3235739","3334866","3438827","3548022","3663212","3785011","3914326","4052200","4204681","4368622","4539807","4723705","4918339","5116616","5319840","5530481","5750566","5981502","6222719","6475868","6737936","7007435",
"Nigeria","NGA","Population ages 15-64, female","SP.POP.1564.FE.IN","12554225","12812721","13073859","13333106","13593961","13868648","14155942","14447102","14747491","15057594","15377709","15700997","16033173","16386215","16764885","17174702","17605397","18063622","18545948","19044274","19575338","20114115","20647267","21106003","21574920","22136664","22707384","23303451","23936777","24608446","25321860","26056827","26822993","27633757","28470964","29320912","30176637","31048320","31944322","32850456","33752995","34656394","35563848","36483226","37428393","38395001","39375751","40384459","41423671","42494106","43619056","44802536","46025655","47279223","48562690","49873424","51264221","52752870","54261310","55782120","57368892","59009402","60695667","62449038","64251214","66099266",
"Nicaragua","NIC","Population ages 15-64, female","SP.POP.1564.FE.IN","449535","460682","472491","485516","500533","517327","535035","553447","572431","591887","611774","632069","651559","671479","693102","715265","737879","760904","784185","807466","831290","855728","880328","905259","930465","955948","982026","1008950","1037170","1066999","1098247","1130828","1164679","1199661","1235750","1272686","1309131","1344754","1379787","1414348","1448704","1482574","1516197","1549930","1583901","1620127","1658090","1695747","1733489","1771015","1808203","1845367","1882288","1918267","1952926","1986769","2020337","2053538","2086903","2120849","2156852","2194015","2232094","2271570","2310790","2349621",
"Netherlands","NLD","Population ages 15-64, female","SP.POP.1564.FE.IN","3537562","3589725","3659766","3722435","3776398","3825732","3872126","3916321","3960161","4004745","4051296","4101812","4154194","4205719","4259860","4321847","4384600","4442003","4499418","4561077","4627473","4688956","4743439","4801847","4862917","4915436","4959966","5002449","5037480","5063347","5088681","5116484","5144080","5170705","5191877","5208064","5226933","5248406","5273369","5301953","5334203","5371422","5405950","5432073","5451002","5464909","5476682","5490733","5508824","5527997","5547010","5549446","5534817","5524709","5523837","5532638","5550192","5571967","5594883","5621058","5639124","5653265","5697251","5746182","5765126","5769189",
"Norway","NOR","Population ages 15-64, female","SP.POP.1564.FE.IN","1127560","1138118","1149513","1158801","1166272","1172636","1178003","1183730","1190722","1197806","1204291","1211008","1218654","1226182","1232829","1238944","1245139","1251421","1258007","1265031","1272578","1281096","1289643","1297790","1307018","1314612","1321258","1329926","1338071","1343948","1348898","1354477","1360787","1368485","1376643","1383896","1390912","1398861","1408636","1420433","1431580","1441505","1453643","1466992","1480115","1494739","1511197","1529098","1548380","1567194","1584748","1601193","1617243","1633041","1648299","1661645","1673003","1682998","1691130","1699959","1706936","1712874","1729150","1753332","1772146","1783975",
"Nepal","NPL","Population ages 15-64, female","SP.POP.1564.FE.IN","2872287","2922781","2976950","3035409","3095311","3155772","3217708","3281299","3346770","3413531","3481978","3549771","3617828","3688545","3760154","3833354","3908268","3987561","4072138","4159246","4249852","4342354","4436414","4534956","4634640","4733360","4832477","4929532","5027045","5134075","5256573","5394396","5556946","5717198","5861994","6004979","6144213","6288359","6437076","6588702","6740508","6894623","7055831","7222867","7390722","7557650","7722940","7888014","8058104","8233430","8411606","8571264","8701244","8818041","8940281","9082317","9214425","9317602","9420908","9597830","9836403","10064136","10207362","10264009","10318192","10380947",
"Naoero","NRU","Population ages 15-64, female","SP.POP.1564.FE.IN","814","817","860","925","998","1077","1132","1173","1106","995","1017","1094","1172","1253","1339","1431","1525","1659","1825","1973","2096","2202","2291","2350","2379","2400","2429","2462","2506","2556","2608","2661","2708","2740","2763","2787","2813","2847","2887","2920","2944","2961","2972","2996","3031","3060","3082","3100","3110","3109","3099","3081","3093","3143","3197","3251","3309","3370","3431","3457","3442","3431","3431","3434","3460","3506",
"New Zealand","NZL","Population ages 15-64, female","SP.POP.1564.FE.IN","684212","696316","714704","731235","749223","763886","779926","796639","806705","816813","830373","845417","863851","885659","910453","934505","948647","958255","965404","967836","975050","985026","1002075","1023644","1039606","1051947","1057091","1071543","1079320","1087659","1098328","1153756","1166083","1177801","1192476","1209630","1229634","1247700","1261054","1270505","1281013","1291994","1319630","1352023","1378250","1398966","1419258","1433513","1445542","1458973","1472999","1480526","1483431","1488849","1507711","1533718","1564611","1593431","1617357","1635669","1663718","1659960","1653240","1688098","1711800","1716323",
"OECD members","OED","Population ages 15-64, female","SP.POP.1564.FE.IN","255858939","258571533","262066125","265741262","269265070","272503074","275738224","279029429","282307389","285653726","289016933","293007835","296569606","300216210","303949932","307760673","311581701","315409153","319242426","323190039","327198496","331337558","335538586","339820814","343799478","347386200","350778549","354029424","357271739","360636092","363972747","367545127","371045506","374429370","377717511","381143283","384688149","388239841","391644994","394956323","398161325","401436265","404784138","408188187","411511292","414713994","417890118","420893235","424127013","427120674","429950168","431622185","433005462","434112681","435418790","436864076","438426273","439840705","441350387","442776372","443357547","443250368","444686598","446858368","448718603","449286806",
"Oman","OMN","Population ages 15-64, female","SP.POP.1564.FE.IN","146421","149143","151829","153967","155629","157558","159841","162292","164920","167734","170748","173974","177443","181201","186996","194649","202857","212179","222457","233475","245054","257350","270532","284402","298692","310052","318642","327898","337917","348723","360353","372842","386205","400526","415783","432015","449257","467361","486136","505395","525031","544978","565122","585313","607000","630327","653656","676555","698657","719602","740562","786015","848085","894717","930831","965010","996833","1021357","1043861","1068070","1086304","1098930","1145206","1220548","1283163","1333553",
"Other small states","OSS","Population ages 15-64, female","SP.POP.1564.FE.IN","1594666","1611195","1635542","1662299","1690689","1717649","1742293","1766206","1791206","1818460","1849141","1883084","1918500","1955352","1991406","2029728","2072019","2116389","2160864","2205868","2250578","2291918","2331779","2369897","2407003","2446868","2487641","2528720","2571618","2616994","2664700","2716066","2739905","2756392","2778802","2800260","2840482","2891699","2947840","2976552","3007858","3073775","3139319","3193302","3238879","3285993","3335497","3387780","3442056","3492996","3540061","3581421","3620401","3655914","3691928","3730454","3767923","3809295","3855805","3902263","3945754","3989199","4046159","4092831","4134276","4172277",
"Pakistan","PAK","Population ages 15-64, female","SP.POP.1564.FE.IN","11413323","11709488","11994074","12271478","12536094","12805221","13097728","13415941","13759842","14129905","14526220","14939417","15375777","15846128","16347948","16886861","17469156","18094763","18759081","19528437","20535577","21592869","22503191","23311395","24023371","24767093","25595118","26464435","27349648","28225735","29165100","30132509","30978758","31829601","32784826","33819268","34947627","36126232","37351704","38608128","39963624","41384842","42721084","44068041","45545765","47061668","48602641","50361314","52151051","53824591","55439104","56878356","58068003","59058386","60009281","60936772","61808649","62798698","63996648","65264102","66674945","68285738","69894725","71427859","72995753","74656037",
"Panama","PAN","Population ages 15-64, female","SP.POP.1564.FE.IN","288617","296704","305158","313940","323190","332915","342982","353443","364350","375693","387455","399683","412415","425668","439494","453962","469107","484903","501316","518277","535683","553510","571693","590139","608851","627902","647319","666990","686761","706586","726538","746644","766882","787256","807863","828778","850073","871830","894046","916598","939293","962030","984767","1007476","1030243","1053144","1075990","1098715","1121419","1144102","1166763","1189412","1212072","1234805","1257605","1280683","1304223","1327990","1351699","1375196","1396885","1416758","1437224","1458155","1478283","1497530",
"Peru","PER","Population ages 15-64, female","SP.POP.1564.FE.IN","2653003","2721692","2793232","2867584","2945680","3027409","3112472","3200542","3291949","3386722","3475551","3564703","3661969","3764517","3873492","3986085","4103140","4226238","4356477","4493430","4636566","4785413","4941031","5104166","5272605","5443018","5612055","5780980","5953917","6130467","6310360","6486190","6661354","6840859","7021267","7202376","7384578","7571695","7764521","7954310","8129262","8286399","8426701","8553122","8668958","8772473","8863460","8946371","9036962","9137201","9238143","9343573","9453329","9567533","9690621","9829607","9993789","10180804","10424997","10664411","10842650","11006827","11167464","11326639","11475213","11614082",
"Philippines","PHL","Population ages 15-64, female","SP.POP.1564.FE.IN","6963759","7140288","7330003","7537611","7768934","8011116","8255810","8513787","8787408","9073118","9360345","9627016","9903256","10191546","10490995","10827935","11212918","11631106","12057343","12485331","12912899","13348599","13811907","14305050","14796827","15258980","15701600","16168714","16646758","17092507","17559053","17997023","18453909","18959340","19441341","19937743","20473281","21053644","21701994","22399182","23082111","23724974","24341382","24970644","25610206","26243590","26840598","27457101","28082626","28728941","29462141","30181496","30905884","31622328","32279577","32935208","33586643","34236377","34862050","35475000","36109398","36736102","37324214","37921186","38534762","39142469",
"Palau","PLW","Population ages 15-64, female","SP.POP.1564.FE.IN","2306","2305","2317","2344","2383","2433","2491","2559","2629","2697","2764","2828","2890","2954","3014","3063","3102","3126","3142","3149","3170","3261","3394","3516","3626","3724","3841","3974","4092","4196","4321","4482","4644","4801","4949","5095","5256","5424","5588","5751","5882","5959","6014","6070","6139","6199","6235","6242","6224","6189","6139","6070","5992","5913","5836","5786","5757","5721","5676","5626","5600","5594","5583","5567","5552","5535",
"Papua New Guinea","PNG","Population ages 15-64, female","SP.POP.1564.FE.IN","514622","526522","537702","548711","560082","572137","584634","597197","609857","622778","636019","649735","664210","679600","695737","712681","730583","749551","769503","790319","811864","832482","852119","872166","892584","913389","934588","956301","978438","1001764","1029400","1065491","1109312","1156588","1205733","1256715","1309470","1363980","1420027","1477661","1536875","1596881","1657937","1721000","1786102","1852489","1919861","1988831","2059874","2132921","2207691","2282600","2357277","2432787","2508800","2584946","2661442","2738620","2816351","2894383","2970505","3043971","3115085","3184895","3255057","3325555",
"Poland","POL","Population ages 15-64, female","SP.POP.1564.FE.IN","9394452","9454915","9573813","9734286","9918197","10069547","10210403","10387559","10567932","10732706","10860365","10979703","11125400","11267335","11393281","11497251","11582383","11647335","11695659","11744181","11815892","11907760","12002918","12098561","12176848","12234658","12289851","12337687","12375046","12421116","12480168","12548717","12625374","12700440","12774708","12848787","12923448","13009275","13113794","13215218","13171908","13255401","13323577","13385948","13444299","13499403","13552799","13605810","13653193","13754129","13705774","13580445","13497976","13413928","13313416","13200759","13077297","12950624","12817499","12679726","12413285","12153397","12032899","11925305","11824762","11732069",
"Pre-demographic dividend","PRE","Population ages 15-64, female","SP.POP.1564.FE.IN","51863535","52989965","54144321","55304819","56493844","57736288","59029493","60377276","61790426","63260507","64774245","66310403","67864272","69513698","71293025","73160867","75067766","77075388","79353836","81759970","83994892","85948782","88067076","90465893","92977876","95596174","98232513","100940965","103682274","106552241","109420910","112300583","115658586","119452375","123752952","127945637","131372542","134793576","138734110","142949327","147146876","151483264","156137460","160947973","165799102","170832989","175827496","180710096","186094898","191936239","197869486","204037678","210470061","217134717","223922899","230808786","238058364","245706739","253618669","261726982","270121570","278690244","287371432","296442910","305791734","315410100",
"Puerto Rico (US)","PRI","Population ages 15-64, female","SP.POP.1564.FE.IN","639155","657418","678483","699732","718724","734152","746255","754967","762561","772410","788539","810719","836480","863661","890004","914060","935714","955260","973699","991224","1009455","1028547","1046537","1063263","1079186","1094808","1110688","1126485","1141562","1156384","1170577","1181932","1192840","1206325","1221214","1236225","1252965","1266391","1274800","1282262","1285860","1287241","1287128","1286208","1285026","1281951","1275243","1266249","1257377","1249391","1247005","1244344","1240935","1236059","1222805","1206112","1186015","1153726","1105765","1109703","1100563","1090335","1072572","1064153","1060279","1050371",
"Korea, Dem. People's Rep.","PRK","Population ages 15-64, female","SP.POP.1564.FE.IN","3986917","4085212","4182750","4274569","4359954","4445153","4503524","4536581","4584097","4652266","4736560","4826790","4935501","5066665","5190235","5305978","5421309","5539261","5672267","5813943","5958080","6109504","6276836","6450527","6619911","6789077","6953793","7117825","7266949","7389160","7497347","7591002","7671689","7746759","7818435","7878965","7931790","7984993","8034088","8078577","8119484","8156729","8189658","8226176","8268736","8313110","8360768","8410795","8461926","8514270","8566783","8617619","8667118","8717902","8770229","8817707","8882253","8962657","9026001","9066220","9085456","9095745","9090010","9065797","9045857","9029260",
"Portugal","PRT","Population ages 15-64, female","SP.POP.1564.FE.IN","2920653","2947322","2963546","2971840","2971073","2947394","2912864","2889844","2874219","2848209","2830774","2822375","2813286","2811975","2850776","2955114","3031972","3059694","3092352","3129913","3170793","3209150","3241480","3270842","3298675","3319857","3334559","3347947","3359829","3370697","3381732","3393538","3405867","3418112","3432700","3449390","3465730","3482212","3498132","3515031","3535307","3552085","3564185","3572691","3574310","3574795","3578214","3584206","3588413","3588071","3584217","3572774","3552263","3525195","3498042","3476394","3453368","3429588","3411317","3396087","3379671","3381781","3386867","3413952","3431432","3447695",
"Paraguay","PRY","Population ages 15-64, female","SP.POP.1564.FE.IN","483508","496114","509072","521510","533402","545562","558060","571186","584979","599498","614799","631310","649597","668746","688477","709036","729994","751611","774041","797487","822191","847902","874634","902121","929532","956860","984277","1011735","1039339","1067271","1095509","1124039","1153143","1183139","1214536","1247874","1283466","1321115","1360300","1400379","1440180","1477397","1510814","1544242","1579274","1613745","1647091","1679250","1710669","1742440","1776976","1814486","1852980","1891246","1928599","1964752","1999253","2031883","2062923","2093002","2123492","2152619","2179551","2206825","2234854","2262741",
"West Bank and Gaza","PSE","Population ages 15-64, female","SP.POP.1564.FE.IN","","","","","","","","","","","","","","","","","","","","","","","","","","","","","","","480034","502080","525244","549694","575647","603213","632540","663872","684317","706147","729110","753753","780493","809300","840042","872382","906253","941645","979807","1017422","1053973","1089437","1124374","1158972","1193204","1226396","1258972","1286586","1320044","1355063","1392871","1433256","1475111","1518224","1564355","1613491",
"Pacific island small states","PSS","Population ages 15-64, female","SP.POP.1564.FE.IN","220162","226733","233625","240737","248156","255674","263037","269962","276458","283246","290664","298373","306303","314546","323298","332585","342500","352965","363584","373246","383033","394037","404995","415830","426655","437457","447759","457049","465555","473706","481873","490214","498832","507540","516596","526117","536138","547585","559948","572189","583981","595192","606211","617040","627486","637676","647649","657416","666699","675512","685268","695894","706475","716982","727311","737790","748278","758921","769904","779521","789696","801102","812530","824951","837742","850796",
"Post-demographic dividend","PST","Population ages 15-64, female","SP.POP.1564.FE.IN","246752396","248871035","251752772","254748150","257741522","260424843","262947012","265376009","267748923","270350958","273013190","276271338","279011326","281778776","284613052","287496967","290305142","293038395","295762731","298618637","301479267","304539795","307596408","310563283","313162293","315362613","317360942","319193042","320944840","322760123","324496987","326417119","328250178","329980965","331602039","333395920","335462127","337420103","339288864","341099417","342941590","344644496","346434607","348259997","350073965","351761887","353453672","355152045","356856557","358191404","359502286","359766485","359692501","359267986","359027699","358901568","358946651","358741247","358570575","358424211","357829758","356554138","355765160","355944741","357018860","357130917",
"French Polynesia","PYF","Population ages 15-64, female","SP.POP.1564.FE.IN","21589","21937","22304","22839","23527","24241","24997","25812","26694","27635","28634","29690","30779","31880","32980","34081","35207","36496","38022","39682","41428","43260","45179","47142","48994","50725","52433","54111","55724","57228","58644","60014","61361","62712","64106","65549","67074","68778","70629","72564","74609","76764","78874","80827","82678","84479","86266","87906","89105","89954","90709","91410","92135","92972","93846","94698","95548","96098","95945","95594","95714","95987","96257","96614","96939","97219",
"Qatar","QAT","Population ages 15-64, female","SP.POP.1564.FE.IN","9171","10140","11456","12965","14644","16463","18477","20738","23226","25905","27795","28918","30262","31829","33604","35569","37716","40046","42561","45249","48081","51016","54027","57107","60247","63435","66663","69976","73408","76954","80599","84325","88123","91984","95914","99919","103998","109261","115959","122994","130097","137241","144447","151776","161202","167429","177663","203810","234089","269860","281894","290708","314665","351775","386392","411206","433704","454804","474999","504795","555083","502519","535753","543930","591575","620421",
"Romania","ROU","Population ages 15-64, female","SP.POP.1564.FE.IN","6155743","6201024","6247724","6305923","6376833","6454471","6558342","6673674","6740558","6797159","6875710","6947819","7006942","7050561","7085709","7129909","7160945","7160560","7157474","7143946","7135553","7155878","7252089","7421487","7549921","7622903","7675122","7712876","7744971","7781321","7812589","7776878","7745906","7771754","7792709","7806863","7812009","7805681","7788512","7781611","7791861","7710823","7598494","7564313","7535582","7493756","7438066","7307852","7160656","7066804","6989786","6920703","6862770","6815774","6750561","6666758","6577469","6485933","6392450","6303810","6212072","6129025","6091620","6080972","6066851","6054529",
"Russian Federation","RUS","Population ages 15-64, female","SP.POP.1564.FE.IN","43165433","43171510","43473646","43857599","44374738","44946369","45260961","45633479","45987791","46375564","46954567","47497901","47866656","48238119","48564370","48844231","49158588","49388927","49553996","49678791","49807938","50054121","50338076","50470590","50618617","50854979","51071577","51213587","51269863","51267938","51102911","51049174","50952264","50883341","50912512","51042636","51184540","51402743","51836223","52356383","52756706","53053600","53186549","53139371","53031169","52942143","52897046","52982253","53241610","53545212","53774333","53769675","53543129","53268855","52893337","52444074","52030076","51610734","51203544","50801738","50340495","49878590","49419739","48967990","48613398","48231167",
"Rwanda","RWA","Population ages 15-64, female","SP.POP.1564.FE.IN","730736","741865","752284","762185","776319","799394","829176","863544","900694","938584","976586","1013864","1050871","1088686","1127137","1166161","1205195","1243165","1279870","1316010","1352254","1389312","1427905","1468434","1510999","1555599","1602147","1650610","1701103","1753895","1800223","1841651","1892504","1981695","1684210","1408976","1696089","1995157","2126425","2198092","2266593","2331180","2395282","2466616","2541561","2613085","2682229","2750619","2820448","2894058","2971890","3051979","3133225","3217262","3303824","3391953","3483028","3577473","3676113","3779953","3887435","3995500","4104971","4214534","4320219","4428065",
"South Asia","SAS","Population ages 15-64, female","SP.POP.1564.FE.IN","137002696","139627015","142249521","144841911","147699633","150882119","154184062","157714838","161393097","165104650","169084345","173152212","177265251","181583100","186087437","190852586","195786184","200892207","206066069","211393082","216888717","222416843","228093127","233941546","239916625","246018993","252311940","258788552","265453289","272325269","279341644","286473743","293805066","301288221","308835702","316618686","324707209","332984518","341433823","350051703","358782269","367575145","376228721","384772106","393518142","402255233","410983683","419692534","428221372","436892618","445767618","454637762","463470863","472059011","480744141","489155400","497621813","505846759","513492336","520789268","527977612","534760648","541157949","547644571","554178601","560636549",
"Saudi Arabia","SAU","Population ages 15-64, female","SP.POP.1564.FE.IN","625536","645464","665956","686519","708047","731399","756083","782531","811346","842748","877155","915993","960204","1009239","1062293","1118750","1179468","1245519","1316736","1392748","1473418","1560573","1655157","1755007","1857536","1961555","2071798","2189973","2308459","2428978","2556370","2689549","2828567","2973154","3124379","3282721","3447744","3619571","3798302","3984098","4154879","4314451","4488677","4676892","4877361","5087620","5304943","5526416","5749737","5973162","5904876","6165380","6411889","6746298","6888981","7229584","7511735","7593515","7512122","7573603","8045750","7916896","8352287","8855297","9343496","9837788",
"Sudan","SDN","Population ages 15-64, female","SP.POP.1564.FE.IN","2117043","2182674","2251707","2323515","2396834","2473782","2554973","2639236","2726961","2817702","2912319","3009111","3109044","3220479","3337213","3462112","3594234","3731099","3898111","4081053","4275978","4474349","4665418","4836146","4959785","5065077","5175588","5292675","5410398","5525198","5639770","5755278","5871869","6005200","6158860","6322432","6469663","6623748","6809586","7000848","7199017","7404784","7615802","7814739","8019553","8246013","8480835","8730282","9010669","9316421","9571794","9775416","10007392","10278976","10631093","11050067","11476343","11992331","12523660","12955811","13349972","13759908","14183023","14414594","14553963","14944538",
"Senegal","SEN","Population ages 15-64, female","SP.POP.1564.FE.IN","894524","917146","940975","965532","990854","1017584","1045895","1075573","1106376","1138089","1170670","1204090","1238215","1272874","1307155","1339810","1370507","1398431","1425088","1453361","1483959","1517251","1553323","1592168","1633928","1679516","1729910","1784435","1842144","1902953","1966841","2033742","2103431","2175404","2248596","2321880","2394833","2467787","2541816","2617786","2696039","2776347","2857184","2934024","3007564","3082077","3157098","3232069","3307567","3384001","3461622","3546239","3638692","3744414","3865729","3993817","4127119","4266142","4411366","4561570","4715834","4873592","5034849","5194243","5351900","5512315",
"Singapore","SGP","Population ages 15-64, female","SP.POP.1564.FE.IN","398247","412161","426099","441307","458544","476531","496006","515427","533755","552372","572734","596095","620658","646095","670958","695097","718709","742753","765949","789864","814486","869695","920531","939311","960845","963273","963940","982651","1012006","1045711","1093032","1131460","1168820","1197635","1234266","1269492","1316425","1355621","1402206","1421076","1455049","1502157","1525400","1514610","1542295","1581758","1629340","1690464","1775143","1832073","1876991","1925062","1967449","1986639","2003767","2025524","2055342","2063795","2069225","2073252","2046606","1948704","2006575","2099621","2128790","2138608",
"Solomon Islands","SLB","Population ages 15-64, female","SP.POP.1564.FE.IN","33207","34089","34978","35876","36770","37580","38315","39043","39765","40484","41307","42262","43264","44300","45363","46434","47747","49381","51143","53019","55012","57126","59358","61703","64158","66721","69415","72204","75086","78091","81169","84289","87439","90627","93879","97209","100624","104131","107719","111340","114744","117936","121121","124285","127401","130451","133424","136313","139126","142037","146308","151953","157899","164153","170701","177517","184571","191841","199305","205605","211407","217964","224649","231563","238603","245794",
"Sierra Leone","SLE","Population ages 15-64, female","SP.POP.1564.FE.IN","672231","681894","691793","701104","709215","717920","727691","737743","748073","758703","769831","781124","792644","804683","817011","829621","842443","856056","870739","886047","902166","918929","936365","954879","974224","994185","1016894","1042587","1069219","1094709","1137529","1149605","1126617","1122746","1125799","1126429","1130673","1144013","1154456","1160469","1188599","1259898","1333867","1388734","1436890","1477304","1512002","1547873","1589918","1636794","1686162","1735992","1786897","1839772","1895256","1952031","2011318","2073427","2137002","2201248","2266673","2333756","2402210","2472346","2542343","2611585",
"El Salvador","SLV","Population ages 15-64, female","SP.POP.1564.FE.IN","729541","748126","766116","783351","801809","821693","842137","862752","883689","905162","929443","956104","983364","1011857","1041228","1071126","1101521","1133554","1167377","1200492","1228767","1249641","1274694","1308211","1343623","1379843","1415827","1452407","1487430","1519693","1551129","1580690","1609304","1640816","1673641","1705110","1734853","1762360","1787152","1809054","1828282","1845355","1861010","1875480","1888380","1899590","1909250","1924974","1948448","1973281","1998859","2024783","2050949","2077156","2102242","2124429","2143651","2159230","2169830","2176787","2187337","2201613","2216511","2232299","2247398","2262180",
"San Marino","SMR","Population ages 15-64, female","SP.POP.1564.FE.IN","4897","5027","5170","5330","5498","5632","5693","5720","5738","5753","5767","5840","5965","6047","6083","6110","6161","6514","6906","7066","7226","7391","7539","7655","7735","7803","7896","7972","8078","8226","8357","8476","8602","8747","8898","9004","9091","9202","9317","9441","9560","9668","9778","9881","10437","10557","10660","10999","11132","11601","11634","11332","11548","11340","11167","11232","11310","11567","11793","11831","11840","11539","11193","11140","11138","11120",
"Somalia, Fed. Rep.","SOM","Population ages 15-64, female","SP.POP.1564.FE.IN","759233","775148","792260","810405","829862","852247","876760","901713","927205","953156","979722","1006577","1033890","1062141","1090780","1119584","1148736","1179552","1264888","1428790","1552987","1560806","1561172","1606318","1659915","1721799","1787125","1844348","1840097","1804034","1789706","1731164","1673626","1729096","1811252","1871072","1934210","1997824","2076887","2157024","2239411","2324547","2406508","2488911","2571402","2645185","2705198","2774132","2855167","2933265","3015178","3063298","3117948","3227138","3348764","3468948","3607559","3757157","3901480","4054422","4217335","4380505","4525743","4678484","4850092","5016637",
"Serbia","SRB","Population ages 15-64, female","SP.POP.1564.FE.IN","2285714","2302602","2320101","2338813","2358526","2379115","2403654","2425508","2450415","2502697","2528280","2551801","2568487","2579695","2593034","2605414","2619724","2632242","2646140","2662432","2729078","2750228","2773562","2795710","2812859","2822198","2825570","2825232","2824389","2821208","2816559","2702044","2697055","2692572","2687798","2682467","2673442","2659120","2644002","2632384","2624024","2620782","2618790","2608553","2599631","2590436","2580656","2572388","2565227","2558933","2552204","2534007","2515051","2488896","2459302","2427110","2395855","2365034","2331687","2298363","2264456","2230269","2166339","2143417","2120211","2096510",
"Sub-Saharan Africa (excluding high income)","SSA","Population ages 15-64, female","SP.POP.1564.FE.IN","62078993","63496009","64959532","66438049","67958951","69547733","71191800","72899990","74684197","76535222","78443313","80368824","82317409","84394312","86621404","88942349","91320392","93746786","96413949","99260572","102093752","105085962","108305858","111523805","114744593","118087847","121518003","125058029","128676821","132412041","136269108","140194101","144296387","148301733","152726077","157599043","162276087","166875039","171633176","176645657","181722579","186929696","192262548","197711682","203324000","209074934","214933431","220981150","227326899","233933258","240770532","247825737","255071294","262587688","270315099","278311921","286597870","295293014","304444450","313791360","323445895","333346952","343383163","353689744","364202287","374974276",
"South Sudan","SSD","Population ages 15-64, female","SP.POP.1564.FE.IN","803412","818429","833508","848829","864879","881065","896452","911563","927232","943163","959314","977306","997127","1018269","1040672","1063384","1086247","1109123","1131871","1154549","1177134","1199767","1222973","1244788","1263409","1281486","1301330","1310330","1302162","1287597","1292897","1319769","1339595","1352082","1381893","1420974","1452878","1492122","1530263","1579165","1648425","1717914","1784893","1856018","1944732","2051566","2170188","2298976","2433054","2564138","2727341","2904889","3045960","3161178","3149371","3087807","2985225","2773236","2747066","2892990","3023881","3109221","3191637","3377293","3562524","3686290",
"Sub-Saharan Africa","SSF","Population ages 15-64, female","SP.POP.1564.FE.IN","62090601","63507835","64971536","66450200","67971227","69560125","71204306","72912611","74696949","76548134","78456421","80382166","82331130","84408332","86635780","88957174","91335642","93762529","96430041","99277100","102110708","105103369","108323584","111541700","114762752","118106277","121536649","125077576","128696539","132432007","136289327","140214745","144317262","148323175","152748230","157621718","162299340","166898767","171657503","176670582","181747863","186955130","192288885","197737811","203350095","209101210","214960332","221008273","227354739","233961321","240799458","247853895","255099649","262616448","270344165","278341509","286627732","295323101","304474666","313821684","323476303","333377382","343419744","353726247","364239324","375011873",
"Small states","SST","Population ages 15-64, female","SP.POP.1564.FE.IN","2495295","2529688","2572043","2617437","2665156","2711553","2756049","2800489","2846641","2896748","2952097","3011582","3072074","3133516","3194894","3259846","3329865","3402597","3475323","3546583","3617379","3686145","3752482","3815645","3876510","3939847","4003724","4066019","4129058","4193823","4259830","4330895","4377064","4416310","4462189","4509285","4576941","4657514","4744265","4803447","4864436","4959786","5055143","5138998","5213542","5267268","5342521","5420875","5500008","5572768","5643963","5710681","5774080","5834152","5893733","5954795","6013756","6075009","6145098","6211552","6270084","6330879","6404275","6469151","6527968","6582293",
"Sao Tome and Principe","STP","Population ages 15-64, female","SP.POP.1564.FE.IN","17514","17385","17169","17044","17010","17052","17174","17373","17640","17966","18400","18912","19421","19938","20477","21049","21664","22322","23015","23718","24415","25098","25710","26289","26928","27556","28176","28893","29695","30526","31369","32109","32742","33395","34079","34798","35551","36348","37192","38060","38920","39843","40892","41980","43046","44110","45179","46243","47303","48380","49492","50644","51680","52595","53554","54586","55703","56895","58153","59483","61235","63246","65184","67157","69097","70957",
"Suriname","SUR","Population ages 15-64, female","SP.POP.1564.FE.IN","66422","68083","69806","71707","73654","75481","77359","79424","81775","84486","87578","91036","93678","95218","96539","97680","98695","99612","100400","101002","102287","104325","106301","108247","110283","112521","114788","116696","118690","120824","122291","123306","124318","125043","126124","128670","132101","135697","139430","143188","146860","150402","153777","156911","159361","161261","163175","165183","167326","169585","171979","174544","177281","180187","183194","186184","189138","191956","194535","197075","199559","201760","203878","206046","208072","209945",
"Slovak Republic","SVK","Population ages 15-64, female","SP.POP.1564.FE.IN","1270095","1301787","1314193","1329572","1344607","1360322","1378668","1398220","1417446","1436751","1450929","1465313","1484592","1501730","1515455","1528167","1542107","1555059","1567163","1579667","1593840","1612445","1633086","1652750","1666996","1676154","1683605","1690791","1700578","1713670","1729810","1739834","1749070","1765488","1783548","1800622","1815819","1830580","1845678","1861748","1874111","1885239","1897711","1908212","1917375","1925061","1931755","1937535","1942434","1944173","1941936","1938907","1933973","1925397","1915060","1902750","1887205","1869784","1852603","1836164","1820968","1803372","1785499","1771865","1760413","1748960",
"Slovenia","SVN","Population ages 15-64, female","SP.POP.1564.FE.IN","555912","556553","558118","561489","565737","570711","576837","582592","587407","590497","593903","597566","600715","603644","604652","608641","616253","622390","627760","633346","640325","643770","645968","652709","659428","664226","675024","685076","686673","686739","687404","688558","688843","688566","689281","688484","685884","684826","684494","685657","687334","688533","690020","691288","691922","692060","692029","690974","686588","689089","690397","690392","687793","683509","678677","673420","667773","661553","656212","652586","651716","650063","647350","647022","646655","644969",
"Sweden","SWE","Population ages 15-64, female","SP.POP.1564.FE.IN","2457134","2476984","2497165","2514821","2531614","2547581","2560768","2569269","2575608","2586730","2601947","2610239","2608246","2602805","2599412","2599220","2601199","2605814","2612422","2621598","2633218","2644094","2653285","2660185","2664932","2665234","2664935","2670597","2680283","2694450","2709679","2720687","2728776","2737757","2752997","2766668","2772923","2777876","2784572","2793952","2806816","2823242","2841426","2860797","2880301","2901992","2928274","2954206","2975235","2992619","3003636","3006750","3007519","3010167","3016660","3027765","3048209","3075559","3101587","3125570","3143403","3159674","3181132","3197235","3209212","3222123",
"Eswatini","SWZ","Population ages 15-64, female","SP.POP.1564.FE.IN","91348","93168","95087","97100","99401","102106","105015","108084","111292","114560","117893","121296","124781","128355","132037","135838","139780","143755","147754","151891","156146","160515","165066","169870","174943","180981","188099","195871","206969","219091","229851","241360","252839","261346","257946","255435","263039","271189","279457","287388","295077","302134","308477","314088","318982","323198","326996","331033","335268","339014","342093","344607","346698","348732","350991","353513","356067","359390","363725","368237","373682","379808","385078","389692","394631","400169",
"Sint Maarten (Dutch part)","SXM","Population ages 15-64, female","SP.POP.1564.FE.IN","726","797","886","986","1091","1205","1328","1452","1581","1721","1861","2001","2158","2349","2568","2801","3037","3276","3519","3760","3997","4316","4808","5410","6050","6716","7397","8084","8777","9470","10157","10853","11369","11507","11462","11415","11361","11308","11261","11217","11176","11211","11376","11598","11819","12030","12225","12410","12586","12758","12915","13128","13437","13769","14081","14364","14620","14855","15071","15260","15431","15586","15764","15979","16170","16318",
"Seychelles","SYC","Population ages 15-64, female","SP.POP.1564.FE.IN","11608","11826","12004","12151","12276","12392","12506","12621","12752","12912","13108","13342","13721","14020","14376","14825","15250","15743","16092","16528","16956","17407","17726","17895","18159","18430","18646","19547","19718","19966","20219","20644","20875","21442","22153","22675","23253","23728","24327","24925","25284","25434","26337","26129","26095","26276","26901","27123","27840","28063","28926","28158","28355","28760","29066","29588","29862","30087","30216","30324","30408","30430","36581","36503","37037","37597",
"Syrian Arab Republic","SYR","Population ages 15-64, female","SP.POP.1564.FE.IN","1126905","1154507","1183749","1216689","1250900","1285839","1323336","1363446","1406007","1451062","1498988","1550426","1604749","1661292","1719438","1778923","1841538","1908100","1978247","2051085","2125880","2204458","2291072","2384748","2482400","2584001","2688969","2797689","2910818","3028367","3150557","3277341","3409621","3546721","3686373","3825129","3962630","4101677","4245056","4393878","4547281","4705554","4867909","5033312","5208987","5395378","5729327","6236594","6511309","6602128","6768982","6890429","6800101","6305292","5708499","5385501","5355835","5447286","5679556","6086937","6444793","6741701","7148848","7688459","8166426","8546244",
"Turks and Caicos Islands","TCA","Population ages 15-64, female","SP.POP.1564.FE.IN","1616","1617","1613","1607","1598","1583","1561","1536","1510","1483","1463","1483","1534","1586","1638","1691","1749","1810","1874","1941","2032","2159","2302","2453","2608","2770","2932","3081","3221","3371","3553","3779","4028","4289","4550","4813","5080","5344","5613","5886","6168","6478","6853","7274","7687","8097","8500","8896","9297","9720","10166","10632","11184","11810","12371","12977","13624","14218","14821","15405","15842","16139","16339","16455","16564","16640",
"Chad","TCD","Population ages 15-64, female","SP.POP.1564.FE.IN","853921","866830","879648","892574","907331","924058","941087","958113","975364","993012","1011128","1029498","1048333","1067717","1086479","1103429","1118155","1131242","1144164","1163360","1145583","1128216","1204956","1286474","1286962","1282112","1323693","1379670","1432540","1482908","1518107","1577499","1651935","1671057","1689702","1774455","1858527","1909743","1966774","2032693","2097651","2159743","2230850","2329067","2451560","2559516","2651180","2740923","2839639","2944142","3044103","3154660","3271027","3396063","3526609","3638122","3753670","3887130","4030474","4171188","4318263","4493900","4676008","4956538","5273184","5464152",
"East Asia & Pacific (IDA & IBRD countries)","TEA","Population ages 15-64, female","SP.POP.1564.FE.IN","240092801","241162087","244158631","248164123","252161360","257522444","264397094","272082449","280129913","288145901","296733883","305403681","314211442","322799881","329858686","336011428","341925935","349831511","361490507","373723461","385011449","396197992","407212886","419045586","431566644","443863879","455936184","467484666","478724023","489078673","498070574","506818387","515631353","524170269","533051360","542360338","552143145","562752478","573007470","582540064","592116978","602046821","612596615","623070693","633358259","643882472","653191871","660784460","667662036","673826772","679377019","684666431","689761182","694031804","697446328","700095038","702130294","703318554","703869128","704497071","705111181","706015878","706831044","707994289","710673395","713924585",
"Europe & Central Asia (IDA & IBRD countries)","TEC","Population ages 15-64, female","SP.POP.1564.FE.IN","104483784","105068034","106133764","107397922","108917862","110455727","111763729","113227210","114620978","116076785","117719954","119312381","120730732","122142335","123485496","124765846","126092779","127307330","128453917","129463795","130523825","131820278","133314022","134717639","136012711","137305057","138548848","139673335","140604389","141411955","142006111","142488474","142917922","143354656","143839717","144499453","145318063","146203652","147364394","148742330","149985603","151032794","151844340","152495726","153047556","153592063","154209946","154711888","155713834","156942894","157957274","158597196","158865963","158989250","158919136","158613891","158279719","157867143","157458152","157014549","156244506","155518420","154096231","152655298","152585025","152985047",
"Togo","TGO","Population ages 15-64, female","SP.POP.1564.FE.IN","448656","455946","463591","471562","479789","488672","498286","508134","518293","541274","568267","585535","600952","615322","629321","643194","657068","671198","686048","702528","721654","743921","764554","782419","801373","825940","854923","884008","914245","945370","977425","1010336","1043963","1031533","1039415","1105683","1163561","1202985","1228967","1265597","1308945","1353687","1399374","1446226","1493025","1539144","1585548","1631427","1675810","1718677","1760447","1803089","1848013","1895999","1948029","2004181","2063596","2125357","2182512","2226565","2261468","2293229","2328527","2378859","2441565","2507693",
"Thailand","THA","Population ages 15-64, female","SP.POP.1564.FE.IN","7074625","7242566","7421254","7607586","7811023","8037642","8277436","8529396","8794983","9075085","9374597","9689239","10020183","10371193","10735290","11110236","11492923","11895704","12322670","12762428","13215186","13676879","14150051","14643529","15147488","15648832","16142094","16631418","17121337","17595635","18081337","18573883","19043098","19485988","19900340","20304850","20705474","21096980","21477143","21847994","22193664","22503670","22788481","23054861","23301095","23535986","23777196","24027201","24275704","24514780","24743207","24967947","25181791","25358966","25487257","25577948","25667077","25748424","25786646","25787442","25767043","25721370","25640421","25535311","25414634","25279017",
"Tajikistan","TJK","Population ages 15-64, female","SP.POP.1564.FE.IN","611730","618056","626499","636982","650008","666659","685542","706136","728366","751802","775584","799754","825276","852674","881744","912332","944332","977467","1011096","1043364","1073905","1104468","1136374","1169629","1203446","1244573","1294341","1346430","1399316","1437894","1464503","1496023","1519316","1534865","1559045","1590470","1626893","1661787","1694334","1731459","1781538","1843242","1906747","1971053","2035641","2100633","2164796","2227458","2289347","2352340","2416930","2479871","2541330","2604053","2667271","2728239","2788024","2848410","2907570","2965905","3024954","3084101","3140923","3198389","3260833","3329174",
"Turkmenistan","TKM","Population ages 15-64, female","SP.POP.1564.FE.IN","469701","474735","480477","487205","496137","507423","519389","531479","544446","558899","574723","592021","610894","631209","652440","674165","696356","718978","742157","766184","791022","816542","842733","869237","895591","922103","949100","976558","1004651","1032089","1058580","1085253","1110032","1135811","1162424","1187355","1214673","1245916","1281293","1323172","1370408","1418894","1467700","1516153","1564853","1614318","1664613","1716432","1769858","1824418","1879217","1932966","1984905","2034562","2081665","2126434","2168745","2208322","2244966","2278910","2310941","2342196","2373124","2405738","2441473","2479648",
"Latin America & the Caribbean (IDA & IBRD countries)","TLA","Population ages 15-64, female","SP.POP.1564.FE.IN","55887330","57317619","58821028","60399392","62065533","63809468","65615985","67489883","69429270","71429730","73480768","75586165","77760898","80008565","82327794","84705610","87130080","89622211","92192193","94821134","97500184","100241701","103037528","105873744","108747521","111640777","114544612","117476057","120450980","123461590","126532271","129629278","132752468","135900241","139055924","142255285","145491228","148760963","152076663","155404298","158677607","161882617","165043369","168176983","171290098","174368221","177451641","180535038","183621043","186672219","189657004","192581512","195439479","198227373","200922185","203505336","206020476","208430035","210640527","212686596","214625501","216394136","218122014","219900633","221612274","223231639",
"Timor-Leste","TLS","Population ages 15-64, female","SP.POP.1564.FE.IN","132170","135183","138277","141239","144278","146864","148784","150783","152902","155190","157668","160346","163234","166240","168806","173193","179980","187067","194284","201066","207008","209415","208801","208320","207989","207752","207481","207119","206662","206185","206036","208496","213346","218388","223724","229424","235570","242231","249369","221641","198540","216673","234919","245524","249371","254120","260280","266651","273354","280154","287033","294369","302406","311214","320813","330741","340489","350280","360562","371401","382672","394115","404609","413844","423230","432902",
"Middle East, North Africa, Afghanistan & Pakistan (IDA & IBRD)","TMN","Population ages 15-64, female","SP.POP.1564.FE.IN","39496578","40350202","41229544","42135295","43075969","44068992","45141771","46307340","47548583","48863137","50235639","51642966","53097850","54639774","56270551","58003251","59812265","61688955","63655511","65713914","67947535","70315085","72654696","74976147","77385481","79871467","82428389","85056965","87714001","90435421","93292515","96227380","99192146","102131305","105201874","108551751","112061765","115762758","119698825","123782632","127926433","132170273","136363148","140633540","145132088","149695720","154309458","158905816","163331374","167610670","171746730","175606299","179120977","182332091","185411032","188365051","191360958","194600455","198209973","202095307","206123474","210368499","214863174","219648905","224463084","229157502",
"Tonga","TON","Population ages 15-64, female","SP.POP.1564.FE.IN","16552","16999","17449","17910","18388","18883","19399","19824","20160","20515","20887","21281","21696","22138","22707","23408","24140","24704","25072","25395","25685","25953","26211","26465","26692","26878","27018","27204","27425","27574","27658","27700","27723","27741","27772","27818","27869","28079","28433","28757","29043","29277","29446","29559","29649","29754","29871","30057","30321","30585","30855","31077","31156","31142","31129","31166","31202","31361","31710","32079","32433","32692","32868","33031","33102","33094",
"South Asia (IDA & IBRD)","TSA","Population ages 15-64, female","SP.POP.1564.FE.IN","137002696","139627015","142249521","144841911","147699633","150882119","154184062","157714838","161393097","165104650","169084345","173152212","177265251","181583100","186087437","190852586","195786184","200892207","206066069","211393082","216888717","222416843","228093127","233941546","239916625","246018993","252311940","258788552","265453289","272325269","279341644","286473743","293805066","301288221","308835702","316618686","324707209","332984518","341433823","350051703","358782269","367575145","376228721","384772106","393518142","402255233","410983683","419692534","428221372","436892618","445767618","454637762","463470863","472059011","480744141","489155400","497621813","505846759","513492336","520789268","527977612","534760648","541157949","547644571","554178601","560636549",
"Sub-Saharan Africa (IDA & IBRD countries)","TSS","Population ages 15-64, female","SP.POP.1564.FE.IN","62090601","63507835","64971536","66450200","67971227","69560125","71204306","72912611","74696949","76548134","78456421","80382166","82331130","84408332","86635780","88957174","91335642","93762529","96430041","99277100","102110708","105103369","108323584","111541700","114762752","118106277","121536649","125077576","128696539","132432007","136289327","140214745","144317262","148323175","152748230","157621718","162299340","166898767","171657503","176670582","181747863","186955130","192288885","197737811","203350095","209101210","214960332","221008273","227354739","233961321","240799458","247853895","255099649","262616448","270344165","278341509","286627732","295323101","304474666","313821684","323476303","333377382","343419744","353726247","364239324","375011873",
"Trinidad and Tobago","TTO","Population ages 15-64, female","SP.POP.1564.FE.IN","226115","230986","235449","239822","244251","248737","253135","257543","262197","267464","273752","280676","287628","294713","302116","309904","317953","325985","333654","340702","346963","352299","356727","360500","363878","367777","372330","376931","381682","386478","391344","396481","402034","408037","414433","421257","428414","435732","443150","450650","458345","466174","473795","480890","487350","472105","475793","479524","482740","483940","486784","490015","491567","492023","491947","491507","490904","489590","487016","485509","484242","482291","479625","478158","476450","474234",
"Tunisia","TUN","Population ages 15-64, female","SP.POP.1564.FE.IN","1133209","1144841","1156570","1167485","1178996","1194412","1214090","1238056","1267781","1301561","1337457","1375521","1415640","1457838","1502268","1548898","1596024","1644034","1691675","1738579","1787479","1837685","1887383","1935124","1990105","2052144","2112668","2174044","2238014","2304573","2373216","2447381","2527418","2610068","2690175","2764382","2835934","2906940","2978576","3051276","3124953","3199357","3273490","3346496","3415203","3477395","3535477","3591426","3645404","3697114","3745687","3790482","3831635","3869099","3902630","3932027","3958763","3983896","4006552","4025718","4042663","4060080","4081686","4108409","4135489","4161898",
"Turkiye","TUR","Population ages 15-64, female","SP.POP.1564.FE.IN","7459556","7639297","7823913","8013441","8205818","8400558","8604819","8822795","9052137","9293006","9542095","9781165","10009180","10239824","10473480","10720067","11017841","11360027","11709168","12062068","12396068","12699024","13046437","13457492","13877832","14301187","14722607","15140850","15564559","15991509","16417154","16837310","17258454","17695579","18145443","18594349","19037547","19473997","19900299","20314619","20715313","21104106","21479286","21838456","22181600","22508388","22823452","22939894","23323815","23757293","24233459","24706491","25140859","25583581","26059835","26535485","26961366","27331729","27692519","28008845","28176709","28374155","28654187","28801865","28914621","29099560",
"Tuvalu","TUV","Population ages 15-64, female","SP.POP.1564.FE.IN","1595","1580","1574","1575","1583","1602","1622","1630","1642","1667","1699","1728","1759","1791","1863","1977","2101","2238","2381","2496","2566","2624","2679","2726","2765","2791","2810","2826","2838","2845","2854","2865","2866","2862","2868","2876","2882","2886","2892","2897","2900","2900","2902","2914","2943","2977","3012","3057","3110","3160","3213","3265","3304","3325","3331","3335","3337","3324","3281","3222","3166","3109","3022","2908","2812","2737",
"Tanzania","TZA","Population ages 15-64, female","SP.POP.1564.FE.IN","2684454","2763248","2845443","2926565","3005071","3081832","3159712","3241071","3332826","3435565","3543066","3655834","3777394","3904856","4034851","4170075","4310629","4455353","4599077","4736897","4874768","5021264","5177975","5345676","5521640","5706238","5899685","6100350","6296811","6489453","6689178","6892359","7101141","7373571","7717092","8003639","8167581","8350081","8594748","8847144","9121056","9384246","9638540","9902743","10175830","10456214","10744650","11042273","11339178","11615999","11917879","12272952","12652133","13060137","13491720","13971195","14493628","15020276","15535446","16047164","16589558","17156132","17726319","18299951","18885483","19488818",
"Uganda","UGA","Population ages 15-64, female","SP.POP.1564.FE.IN","1940681","1987390","2039039","2097496","2163954","2236480","2312106","2390094","2470620","2551187","2629021","2701800","2762444","2817190","2881305","2952851","3027015","3105161","3188433","3262204","3323139","3390566","3473225","3568220","3676736","3790410","3906521","4030590","4156857","4286747","4418689","4556786","4707267","4863597","5014338","5111774","5212118","5338060","5477904","5652047","5825799","6001971","6197431","6407734","6609394","6813561","7027734","7255036","7496939","7751515","8017990","8291540","8572774","8864331","9184865","9543955","9964774","10435007","10906672","11395839","11893882","12387606","12856728","13299924","13755102","14224979",
"Ukraine","UKR","Population ages 15-64, female","SP.POP.1564.FE.IN","16104144","16160320","16273678","16400097","16565099","16694821","16805673","16936437","17031716","17128686","17252243","17368338","17462054","17552022","17624722","17685358","17723457","17723224","17727427","17732222","17758332","17847467","17955321","18010516","18023041","18050857","18070559","18059146","18000441","17936838","17910789","17893380","17899175","17880959","17758588","17664164","17612462","17543580","17549817","17619972","17652137","17621985","17536817","17413211","17290460","17172847","17096487","17040931","17023676","17018361","17003465","16992642","16905560","16805632","16651711","16428194","16223442","16012912","15818155","15641059","15460296","15274671","14113789","12940649","12981331","13402297",
"Upper middle income","UMC","Population ages 15-64, female","SP.POP.1564.FE.IN","336323851","339300493","344398028","350646565","357058938","364882502","374299324","384666925","395457718","406338609","417902073","429602045","441441929","453161611","463457889","472994185","482465650","494022891","509451745","525364512","540443002","555861827","571209763","587153563","603777798","620234068","636533782","652341223","667737158","682254082","695446582","708230982","721078410","733133522","745709317","759365590","773665356","788778399","803614011","818043027","832614828","847376041","862374060","877131188","891798168","906610332","920030338","931295405","942262460","952633343","962231569","971325966","980024205","987738972","994676643","1000596103","1005609451","1009699413","1013402385","1017019028","1020231362","1023627061","1025978489","1028508976","1033669559","1039715896",
"Uruguay","URY","Population ages 15-64, female","SP.POP.1564.FE.IN","804626","814613","824183","833061","841251","849206","856993","864548","871811","878579","884811","890936","897203","903384","909166","914561","919196","922984","926570","930243","934080","938168","942787","947928","953195","958363","963385","968527","974177","980482","987432","994565","1001100","1006838","1011848","1015902","1019517","1023374","1027375","1031322","1034751","1037211","1039034","1040950","1043468","1045553","1047482","1050578","1054475","1059014","1064020","1069071","1073926","1078640","1083501","1088184","1092356","1096202","1099511","1102110","1104716","1106976","1108527","1110043","1111568","1112985",
"United States","USA","Population ages 15-64, female","SP.POP.1564.FE.IN","55181339","55922554","56861169","57835521","58792929","59683963","60618825","61645544","62689225","63748639","64928400","66216587","67463786","68706145","69929371","71179084","72399402","73591768","74731554","75835502","76720987","77508434","78178239","78763950","79320760","79945607","80582751","81076181","81482485","81876394","82397267","83125133","83997214","84928790","85903809","86957977","88065110","89269235","90483585","91695692","92884913","94010671","95133322","96198552","97324049","98464426","99597845","100563181","101415453","102188850","102962968","103542555","103917869","104233252","104626789","105054108","105478913","105778958","105964329","106076635","106149642","106037621","106334835","106840740","107469453","107601688",
"Uzbekistan","UZB","Population ages 15-64, female","SP.POP.1564.FE.IN","2386343","2407020","2436573","2472687","2518966","2581936","2656894","2737241","2825490","2919945","3015003","3111024","3214987","3329789","3454945","3590839","3736480","3889845","4043533","4192530","4341008","4489824","4637838","4783953","4927739","5071641","5217164","5364306","5512620","5658670","5789120","5915405","6048790","6178704","6308903","6443460","6582824","6729627","6885733","7049618","7220619","7403393","7595013","7786006","7978997","8183227","8403098","8632309","8861505","9085569","9304321","9515511","9712150","9890117","10048749","10187265","10312592","10434410","10553138","10670889","10787265","10903544","11031376","11174247","11321831","11462487",
"St. Vincent and the Grenadines","VCT","Population ages 15-64, female","SP.POP.1564.FE.IN","21723","22058","22402","22803","23225","23598","23924","24224","24506","24767","25011","25242","25468","25694","25917","26149","26389","26627","26863","27105","27475","27999","28503","28907","29244","29541","29817","30078","30313","30515","30710","31011","31444","31879","32253","32570","32854","33106","33310","33460","33550","33689","33932","34176","34364","34501","34609","34704","34786","34818","34781","34678","34588","34519","34415","34304","34185","34041","33857","33630","33465","33281","33013","32790","32617","32457",
"Venezuela, RB","VEN","Population ages 15-64, female","SP.POP.1564.FE.IN","2060431","2132270","2206761","2283706","2364224","2448822","2537890","2632476","2732126","2836212","2945136","3059181","3177999","3301525","3428270","3557573","3689710","3824647","3962378","4102549","4244950","4389589","4536432","4685322","4835910","4987760","5140983","5295709","5452418","5611686","5773616","5938701","6107235","6279004","6453562","6630530","6809326","6989694","7171925","7355607","7541120","7728970","7919859","8111876","8302034","8488648","8669307","8843826","9011670","9172844","9329236","9482251","9632216","9778670","9919832","10052087","10132307","10046834","9722644","9356684","9165524","9110320","9133892","9200749","9272897","9345767",
"British Virgin Islands","VGB","Population ages 15-64, female","SP.POP.1564.FE.IN","2083","2125","2149","2181","2212","2250","2306","2399","2542","2751","2894","2929","2963","3001","3039","3073","3106","3134","3159","3183","3238","3372","3548","3736","3935","4142","4351","4554","4757","4956","5147","5316","5464","5612","5766","5931","6101","6273","6444","6604","6773","7021","7371","7763","8159","8547","8928","9308","9683","10055","10255","10773","11570","12227","12826","13556","13275","12743","13692","14530","14895","15235","15452","15692","15877","15971",
"Virgin Islands (U.S.)","VIR","Population ages 15-64, female","SP.POP.1564.FE.IN","8610","9215","9670","11215","11627","12451","13278","14215","16301","17905","18911","20982","22487","24791","26620","28126","28791","28135","29354","29961","31629","32204","32635","32989","33258","33448","33587","33719","33866","34087","35286","35721","36122","36460","36719","36885","36979","37092","37222","37369","37544","37638","37717","37806","37853","37905","37932","37925","37891","37756","37522","37206","36833","36431","36008","35605","35243","34907","34585","34260","33984","33743","33450","33111","32751","32369",
"Viet Nam","VNM","Population ages 15-64, female","SP.POP.1564.FE.IN","8999263","9115952","9242284","9382351","9569517","9797417","10010222","10238978","10492608","10768227","11069459","11392357","11747580","12115837","12489341","12879516","13253265","13639689","14069277","14419475","14753750","15136073","15506619","15888775","16287051","16690916","17100896","17533162","18005210","18492484","18986369","19497754","20022232","20558041","21101547","21651134","22207252","22792740","23422570","24064052","24674653","25249844","25800145","26338014","26887076","27457044","28176651","29032609","29894259","30616022","31169613","31677884","32122831","32488599","32799364","33103126","33301828","33365212","33436499","33600073","33825626","34049621","34256289","34438939","34610177","34754083",
"Vanuatu","VUT","Population ages 15-64, female","SP.POP.1564.FE.IN","14860","15333","15829","16354","16904","17478","18074","18693","19250","19767","20348","20988","21698","22460","23270","24130","25029","25959","26905","26671","26425","27339","28230","29128","30063","31032","32037","33078","34148","35237","36280","37268","38071","38564","39383","40687","42061","43503","45007","46572","48338","50296","52299","54342","56420","58527","60659","62805","64955","67085","68993","70670","72292","73859","75380","76892","78428","80079","81846","83648","85543","87528","89631","91903","94297","96792",
"World","WLD","Population ages 15-64, female","SP.POP.1564.FE.IN","874293655","884558580","898075077","912988631","928543498","945745950","964399888","984298907","1004894160","1026060379","1048490112","1071726479","1094635684","1117889826","1140126958","1161991588","1183975843","1208153859","1236495621","1265907175","1294792258","1324328355","1354270773","1385109792","1416470445","1447558918","1478533009","1509132261","1539548368","1569462409","1598524340","1627331721","1656657286","1685600865","1715473751","1747076845","1779827478","1813746853","1848064276","1882347409","1916798354","1951595401","1986733223","2021754170","2057083834","2092701912","2127382846","2160492727","2193324459","2225442856","2256552352","2286193390","2314780646","2341797883","2367825675","2392994598","2417916792","2441718756","2464701314","2487865558","2510785729","2532556327","2555727246","2581158983","2609231235","2636876625",
"Samoa","WSM","Population ages 15-64, female","SP.POP.1564.FE.IN","26082","26668","27178","27623","28129","28668","29238","29769","30241","30747","31296","31888","32537","33250","34260","35580","36950","38079","38935","39743","40516","41253","41875","42357","42740","43022","43229","43468","43715","43888","44029","44224","44749","45479","46090","46615","47016","47289","47526","47741","47971","48225","48681","49268","49727","50144","50580","51158","51836","52445","52984","53502","54213","55018","55688","56300","56844","57434","58125","58757","59341","59730","59907","60191","60656","61236",
"Kosovo","XKX","Population ages 15-64, female","SP.POP.1564.FE.IN","265756","273483","280819","288294","296322","304962","314371","324627","330585","331985","333597","339233","348566","358075","368530","379949","392212","405430","419825","435325","451652","467394","481620","495521","510085","525338","539919","553873","562003","564825","569708","580796","597580","614890","631644","648203","663600","678040","629778","545433","523974","539971","554497","565267","574230","581391","586418","589142","590942","592597","594217","599008","608057","614899","614408","606588","606333","616786","622987","622163","625838","627035","620973","591217","561168","557013",
"Yemen, Rep.","YEM","Population ages 15-64, female","SP.POP.1564.FE.IN","1548962","1584719","1621592","1657297","1691139","1723398","1755434","1789190","1824819","1862622","1899053","1933985","1971125","2010559","2052426","2096759","2143604","2192896","2244795","2300016","2359139","2422676","2490907","2564039","2642582","2727302","2818171","2914812","3014863","3118382","3228248","3344890","3468463","3599111","3738803","3887878","4040842","4197906","4363264","4536423","4717098","4904699","5098349","5298504","5506562","5739346","5996468","6262634","6537166","6817997","7100898","7379021","7655781","7936024","8223299","8515514","8809542","9107776","9408025","9718374","10019249","10307853","10622282","10960702","11306057","11652358",
"South Africa","ZAF","Population ages 15-64, female","SP.POP.1564.FE.IN","4283530","4421633","4575791","4739795","4906328","5073462","5244905","5422033","5605120","5791677","5979839","6157779","6327934","6503493","6683851","6869123","7060477","7259666","7467358","7682365","7962160","8309610","8666986","9030801","9397835","9753072","10095241","10440846","10795739","11160299","11531702","11844303","12170126","12305108","12640382","13276653","13854063","14340415","14642324","14955791","15264326","15569953","15878105","16174793","16445630","16687200","16914711","17142797","17375403","17609200","17857241","18121601","18413107","18730031","19033773","19373806","19524788","19666160","20029362","20395191","20766793","21129687","21444876","21719643","21982447","22227527",
"Zambia","ZMB","Population ages 15-64, female","SP.POP.1564.FE.IN","816467","839537","863117","886686","911135","938313","967587","997810","1029096","1060656","1089532","1116629","1145131","1175246","1207102","1240803","1276406","1313890","1353294","1394672","1438578","1486205","1538816","1593901","1648421","1703728","1761021","1818624","1875571","1932371","1989713","2047117","2104388","2161838","2219299","2277056","2336183","2399499","2466282","2536283","2612374","2697909","2787946","2881240","2978630","3081486","3191796","3308608","3431925","3560450","3692540","3826042","3963278","4107003","4257952","4414083","4576140","4744768","4918435","5098672","5286249","5478735","5676305","5882994","6097250","6314714",
"Zimbabwe","ZWE","Population ages 15-64, female","SP.POP.1564.FE.IN","953888","978070","1002283","1025827","1055225","1092068","1130602","1170372","1211502","1254148","1297846","1342731","1389479","1438206","1489074","1540699","1592542","1640342","1675959","1714106","1808148","1913685","1988290","2062910","2135992","2212986","2293608","2371917","2451599","2540660","2637034","2738397","2816474","2861619","2909245","2988014","3098517","3218558","3337991","3441868","3515346","3572734","3623095","3666569","3703516","3734657","3775670","3819192","3853862","3890266","3931542","3981898","4033630","4079582","4126308","4179462","4243260","4316122","4395621","4481353","4572835","4667699","4759040","4852390","4968888","5107829",
