"Data Source","World Development Indicators",

"Last Updated Date","2026-07-13",

"Country Name","Country Code","Indicator Name","Indicator Code","1960","1961","1962","1963","1964","1965","1966","1967","1968","1969","1970","1971","1972","1973","1974","1975","1976","1977","1978","1979","1980","1981","1982","1983","1984","1985","1986","1987","1988","1989","1990","1991","1992","1993","1994","1995","1996","1997","1998","1999","2000","2001","2002","2003","2004","2005","2006","2007","2008","2009","2010","2011","2012","2013","2014","2015","2016","2017","2018","2019","2020","2021","2022","2023","2024","2025",
"Aruba","ABW","Population ages 15-64, male","SP.POP.1564.MA.IN","14581","14828","15074","15347","15660","15980","16280","16463","16518","16533","16530","16533","16488","16820","17101","17353","17641","17947","18205","18492","18828","19089","19391","19807","20140","19924","19538","19484","19696","20108","20727","21400","22197","23739","25041","25926","27231","28498","29347","29848","30195","30463","30678","31060","31757","32571","33082","33235","33394","33528","33665","34043","34550","34988","35207","35352","35363","35089","34863","34687","34313","34023","33906","33862","33968","34082",
"Africa Eastern and Southern","AFE","Population ages 15-64, male","SP.POP.1564.MA.IN","33974161","34809972","35685567","36577756","37510428","38464673","39422730","40428318","41493791","42596843","43720950","44874644","46045373","47305636","48670667","50069301","51487864","52902678","54481664","56183255","57915435","59779900","61762399","63829839","65914512","68057907","70268666","72541935","74813311","77069614","79421246","81733520","83816653","86413794","88765515","90534790","92289675","94258615","96956960","99859221","102820101","105886880","109067465","112340033","115704377","119140253","122670611","126339984","130168500","134122822","138257700","142548563","146999249","151689814","156485564","161541067","166560168","171743337","177443826","183249981","189214084","195269431","201342032","207417692","213537454","219926140",
"Afghanistan","AFG","Population ages 15-64, male","SP.POP.1564.MA.IN","2646921","2688690","2732591","2776028","2819605","2864909","2911198","2959718","3011174","3065109","3122503","3181366","3242509","3308482","3375848","3441170","3501262","3559759","3613892","3604748","3454302","3110723","2842782","2802542","2847102","2877611","2852538","2827935","2848457","2925568","2957844","2993160","3232254","3622788","3923594","4101486","4250198","4394488","4541231","4693438","4735728","4763153","5018957","5343726","5552994","5774890","6047591","6203820","6390727","6685441","6949157","7279852","7654229","7999185","8377654","8728415","9039904","9378450","9727463","10091594","10484476","10798155","11023209","11341785","11747409","12154692",
"Africa Western and Central","AFW","Population ages 15-64, male","SP.POP.1564.MA.IN","26773690","27274630","27780011","28284082","28776126","29295116","29844867","30403261","30978758","31592081","32253688","32942721","33656580","34409705","35201267","36028337","36863142","37721987","38628650","39581639","40576089","41620488","42729671","43783453","44826649","45985575","47215196","48508045","49885989","51354737","52835289","54374786","56064381","57747566","59486518","61388549","63318221","65258260","67294370","69383033","71494784","73651803","75873708","78177879","80545655","82947402","85351052","87808168","90405430","93081125","95816270","98698649","101631356","104635894","107757534","110967451","114363436","117914220","121524883","125175342","128961576","132903729","136940571","141256451","145785933","150315894",
"Angola","AGO","Population ages 15-64, male","SP.POP.1564.MA.IN","1452872","1466625","1472623","1477528","1480562","1483442","1487453","1492811","1499809","1508376","1521127","1547675","1595504","1657282","1723168","1790228","1857173","1927615","2002525","2079337","2159532","2242073","2326443","2413153","2500293","2586571","2670117","2747996","2824836","2905170","2987978","3073013","3159152","3243183","3330981","3434753","3552077","3677008","3805566","3934975","4071264","4215988","4369172","4534760","4712411","4898257","5091693","5294086","5503475","5719823","5946961","6185151","6431140","6683597","6935307","7185895","7448341","7722779","8002641","8291188","8580624","8875079","9182074","9498452","9828449","10171365",
"Albania","ALB","Population ages 15-64, male","SP.POP.1564.MA.IN","435777","446638","459611","473403","487930","502414","516624","531259","547859","566114","583890","602192","622224","642743","664116","686855","710277","734846","758518","780868","803129","824783","847665","871281","895108","917886","939666","963137","984687","1013205","1033202","1027916","1020948","1012718","1003932","994529","984909","975566","966310","957039","947936","940310","944246","948938","953463","957281","959780","960651","961136","962741","966441","971057","960782","948453","934663","920517","906650","892197","876819","860631","844124","827306","810717","794038","778382","764566",
"Andorra","AND","Population ages 15-64, male","SP.POP.1564.MA.IN","3198","3480","3771","4075","4391","4720","5072","5475","5930","6421","6956","7540","8171","8841","9544","10270","11003","11734","12459","13165","13863","14555","15174","15738","16312","16901","17621","18344","19083","19443","20337","22409","23974","25248","25739","25164","24918","25048","25235","25207","24969","24812","24912","26187","28439","29810","30698","31679","32270","32206","30306","28676","28325","27634","26986","26370","26426","27141","27819","28404","28748","29231","29813","30207","30511","30691",
"Arab World","ARB","Population ages 15-64, male","SP.POP.1564.MA.IN","24284541","24806115","25372507","25969508","26598827","27256993","27953942","28708999","29531203","30411298","31315648","32238953","33188001","34190846","35254662","36367133","37531428","38806803","40288499","41927043","43602278","45203115","46808309","48508919","50235679","51977245","53774777","55620829","57422999","59238999","61515532","63382309","65444160","67693548","70007279","72274751","74588597","76989241","79546417","82207881","85001938","87933711","90946528","94008791","97141676","100403987","103906514","107707092","111425985","114880153","117464249","120673564","124050783","127553966","130677952","134211170","137547175","140133112","142166631","144631327","147771355","149980312","154363452","158784794","163081307","167406486",
"United Arab Emirates","ARE","Population ages 15-64, male","SP.POP.1564.MA.IN","51284","55705","60241","64832","69438","74049","78650","83219","95803","120102","148971","179294","210493","242123","273890","305642","348697","403874","460195","516981","573253","611307","632535","654915","677862","701480","739807","795139","855294","918852","984591","1051493","1118762","1185924","1252936","1321239","1419252","1550912","1691399","1837692","1988283","2142325","2297737","2450865","2599803","2746898","2951845","3304967","3681179","3881578","3934114","4023259","4145208","4292369","4486552","4725639","4955928","5108295","5168853","5214862","5179748","5262438","5526174","5744113","6018363","6305045",
"Argentina","ARG","Population ages 15-64, male","SP.POP.1564.MA.IN","6486638","6581731","6684799","6791673","6899298","7007595","7118641","7231549","7344527","7456583","7568435","7676856","7781775","7886233","7990548","8091182","8185245","8277589","8371281","8467204","8565555","8667250","8775840","8895054","9022902","9155637","9292560","9435013","9584363","9739497","9899303","10059717","10220677","10385248","10552116","10719409","10885071","11048767","11211042","11373118","11534471","11695387","11858044","12024005","12193330","12365354","12539075","12711126","12882687","13055443","13225572","13389257","13545450","13696351","13847277","13997090","14140087","14278781","14415153","14549669","14681460","14802592","14925506","15066752","15213302","15358039",
"Armenia","ARM","Population ages 15-64, male","SP.POP.1564.MA.IN","501549","509852","521559","536540","553504","571592","590840","611115","632189","653762","675537","698108","722476","748913","777285","807270","838919","871519","903980","930259","948025","962346","974574","985133","995428","1005945","1015719","1024552","1030688","1060200","1094503","1107811","1075995","1014617","972449","948869","940525","933035","931730","935336","964520","972060","976621","977699","978378","979717","981713","983406","981631","975544","966934","959978","957656","954537","948753","941652","933032","924575","920854","921122","922563","924455","928161","930870","953369","965219",
"American Samoa","ASM","Population ages 15-64, male","SP.POP.1564.MA.IN","4968","5179","5410","5629","5835","6035","6231","6433","6652","6887","7109","7286","7434","7573","7727","7946","8214","8485","8758","9028","9359","9785","10252","10726","11199","11675","12154","12637","13128","13634","14071","14406","14713","15014","15305","15588","15864","16145","16438","16737","16951","17029","17053","17054","17044","17038","17038","17049","17052","17030","17053","17123","17141","17086","16987","16870","16745","16606","16452","16279","16226","16177","15986","15738","15483","15262",
"Antigua and Barbuda","ATG","Population ages 15-64, male","SP.POP.1564.MA.IN","14679","14944","15133","15301","15320","15226","15157","15105","15093","15143","15353","15641","15863","16060","16272","16516","16790","17083","17376","17663","17943","18203","18441","18666","18824","18858","18831","18810","18792","18775","18777","19022","19468","19871","20259","20658","21062","21468","21879","22300","22711","23109","23523","23955","24409","24912","25444","26000","26567","27131","27700","28248","28762","29219","29599","29949","30249","30485","30714","30923","31089","31230","31361","31499","31650","31761",
"Australia","AUS","Population ages 15-64, male","SP.POP.1564.MA.IN","3225256","3291126","3376688","3447835","3523410","3602179","3694704","3752726","3832181","3922889","4006742","4149714","4233850","4310047","4434766","4505032","4567937","4638553","4710064","4775716","4845704","4934112","5036552","5124945","5207160","5298736","5396637","5494581","5594242","5693951","5775680","5838933","5892098","5933749","5983357","6045975","6116632","6180765","6241339","6310367","6384459","6470106","6551661","6636463","6715735","6805835","6906161","7041872","7193586","7344667","7445949","7523702","7621364","7714472","7789231","7859857","7945839","8051480","8153397","8251854","8319056","8299857","8395127","8594063","8751374","8864894",
"Austria","AUT","Population ages 15-64, male","SP.POP.1564.MA.IN","2155876","2153035","2157281","2165410","2170177","2174045","2179929","2186918","2188040","2186408","2190142","2201856","2223452","2249599","2263383","2264167","2274873","2296269","2315655","2333662","2359129","2397214","2432698","2461943","2490088","2510022","2524535","2535008","2544498","2562334","2589555","2620623","2650312","2670109","2676209","2675608","2676808","2680275","2685779","2695640","2708685","2727825","2750399","2770045","2784226","2792951","2797922","2802473","2809772","2815269","2823850","2837023","2848217","2860953","2881917","2919201","2953272","2967587","2974134","2979566","2983475","2985672","3000865","3016413","3015696","3007488",
"Azerbaijan","AZE","Population ages 15-64, male","SP.POP.1564.MA.IN","972779","983031","991830","1007835","1033166","1059972","1089638","1120973","1154885","1192482","1232860","1277988","1327011","1379009","1434417","1491840","1555914","1626530","1700918","1764522","1813184","1861993","1907208","1949673","1987438","2019414","2049867","2078956","2104664","2122177","2134960","2151041","2173193","2196980","2216704","2232953","2252171","2275597","2304544","2346461","2399608","2456589","2514569","2573046","2632411","2694057","2757682","2822382","2917114","3012304","3074636","3129577","3171256","3197731","3220473","3243075","3270447","3306395","3350807","3388871","3411639","3430768","3436957","3446272","3469024","3491193",
"Burundi","BDI","Population ages 15-64, male","SP.POP.1564.MA.IN","677737","695053","712527","724797","746583","770545","793482","818197","840679","859918","879239","902788","890952","878942","906505","932172","953385","980374","1012864","1036943","1092848","1146156","1167420","1193360","1214678","1231270","1242776","1264848","1285642","1301056","1321901","1345101","1386029","1283825","1288793","1432011","1418783","1409679","1454718","1513018","1560609","1618172","1682681","1755839","1845175","1932035","2013169","2096318","2195392","2321235","2432301","2508967","2585767","2664412","2739770","2767366","2775429","2826025","2921901","3042981","3155712","3269686","3393149","3528074","3665654","3805272",
"Belgium","BEL","Population ages 15-64, male","SP.POP.1564.MA.IN","2908532","2905672","2910923","2929424","2951810","2971949","2985933","2998547","3010791","3021728","3027799","3037230","3054779","3074103","3097713","3123370","3147142","3168008","3187240","3207363","3230153","3253272","3278819","3305868","3326091","3336269","3340776","3343961","3351104","3356950","3357344","3359396","3365187","3372261","3377389","3377251","3376286","3377879","3379110","3381869","3385499","3395315","3411416","3426119","3440047","3460444","3490758","3525127","3555877","3584230","3616355","3654721","3663086","3665667","3666394","3679154","3689129","3689609","3695044","3706611","3718408","3725070","3742862","3767397","3786898","3808072",
"Benin","BEN","Population ages 15-64, male","SP.POP.1564.MA.IN","639794","646982","655131","664682","674462","684403","694940","706037","717786","730245","743524","757700","772883","789191","806709","825547","845989","868049","891491","916296","942461","969892","998490","1028228","1059206","1091569","1125411","1160848","1197880","1236744","1277535","1320109","1364589","1444756","1508989","1532550","1573728","1626887","1685838","1747466","1811401","1877436","1945622","2016115","2088531","2166574","2243030","2317271","2397161","2481972","2569864","2658125","2747418","2837665","2930844","3027021","3125116","3225607","3329049","3435553","3544707","3656500","3770925","3887251","4003935","4121799",
"Burkina Faso","BFA","Population ages 15-64, male","SP.POP.1564.MA.IN","1403520","1418187","1431514","1440621","1446631","1453754","1461926","1471155","1481752","1493099","1505469","1517504","1529615","1543423","1559923","1579390","1602072","1630031","1661738","1695494","1732469","1771591","1812587","1857600","1905532","1953763","2000174","2044945","2090776","2138853","2189401","2237838","2286565","2341838","2403852","2471238","2540196","2612813","2700356","2802415","2911266","3027285","3149394","3275000","3403514","3533416","3659831","3777383","3886436","3995023","4107398","4227013","4358562","4497083","4643067","4798715","4963126","5133874","5305780","5480639","5667270","5865052","6064597","6267051","6479017","6700863",
"Bangladesh","BGD","Population ages 15-64, male","SP.POP.1564.MA.IN","15045600","15420950","15806647","16180402","16540439","16921568","17326539","17749362","18191164","18624780","19056588","19230105","19403589","19900275","20420584","20914225","21412940","21911762","22406062","22895040","23383000","23942501","24606064","25308849","26020701","26740219","27475528","28251349","29058973","29877985","30712144","31572911","32460870","33367559","34316042","35310099","36332574","37378118","38431616","39489600","40520066","41370633","42055943","42698605","43307217","43886191","44420020","44902522","45343025","45774098","46218132","46745187","47384377","48070026","48770546","49466120","50148727","50782289","51318704","51771109","52176783","52561266","53145617","53931784","54745179","55592679",
"Bulgaria","BGR","Population ages 15-64, male","SP.POP.1564.MA.IN","2621996","2652307","2683249","2714008","2747654","2778205","2803127","2825885","2847430","2866013","2880691","2893121","2903170","2913003","2923942","2924338","2924641","2930077","2930227","2928608","2928187","2939734","2962513","2986946","3003622","2996250","2983441","2979990","2977665","2940078","2884622","2854937","2825776","2806200","2801678","2794918","2787039","2777841","2766629","2756670","2749257","2705153","2659230","2652017","2645621","2636303","2622949","2606178","2586501","2564567","2539001","2510957","2483504","2419035","2372130","2325044","2280048","2236242","2191931","2148368","2119154","2104401","2090414","2080521","2074872","2068287",
"Bahrain","BHR","Population ages 15-64, male","SP.POP.1564.MA.IN","50111","51965","53728","55379","56896","58113","59075","60017","61925","64920","68194","72791","79253","86669","94607","102943","111507","120149","128794","137410","145979","153428","159593","165701","172028","178480","184988","191519","198029","204477","210910","205601","211102","217373","224176","231248","238564","246208","254182","262450","271008","285609","315658","349576","386130","425301","467404","512941","551190","595154","622426","606766","621275","640886","657965","685079","724972","774081","770383","751217","741908","756571","768427","796113","801861","809206",
"Bahamas, The","BHS","Population ages 15-64, male","SP.POP.1564.MA.IN","31024","33129","35349","37657","39761","41712","43847","46171","48679","51217","53503","55416","57020","58461","59930","61550","63363","65349","67456","69615","71705","73698","75681","77695","79724","81756","83762","85690","87539","89330","91006","92578","94101","95560","96950","98274","99550","100795","102021","103234","104503","105764","107017","108384","109829","111278","112844","114695","116618","118369","120064","121715","123215","124620","125943","127170","128329","129420","130443","131404","132174","132767","133528","134433","135299","136016",
"Bosnia and Herzegovina","BIH","Population ages 15-64, male","SP.POP.1564.MA.IN","888281","898338","912553","928859","945774","963019","981054","1000237","1020813","1042374","1063874","1086500","1111133","1136670","1162951","1189939","1217232","1244433","1271424","1298422","1325722","1353955","1381355","1405836","1427483","1446471","1463181","1477858","1490599","1501219","1509186","1513831","1411294","1259061","1177534","1175771","1250166","1316779","1352408","1376238","1395789","1410730","1420243","1421256","1409286","1394130","1385219","1370227","1347553","1322716","1296840","1270861","1245351","1224840","1207925","1188952","1168970","1148638","1127993","1106860","1085252","1062957","1046076","1035050","1023460","1010398",
"Belarus","BLR","Population ages 15-64, male","SP.POP.1564.MA.IN","2171773","2186479","2218008","2256544","2300368","2344145","2387141","2430868","2471132","2514382","2566034","2621070","2674546","2728303","2780719","2828060","2871125","2913334","2957006","2997352","3034717","3074496","3112015","3142517","3167979","3191821","3214971","3236893","3243299","3249614","3252552","3250660","3255719","3260837","3247900","3232521","3234387","3240123","3254930","3273011","3281211","3285935","3284635","3279797","3275298","3268243","3260117","3256624","3259963","3264286","3264705","3255992","3237069","3217249","3197741","3179539","3161368","3137726","3115716","3093260","3062123","3021896","2985958","2962062","2941848","2922044",
"Belize","BLZ","Population ages 15-64, male","SP.POP.1564.MA.IN","22703","23099","23495","23917","24373","24867","25401","25989","26633","27332","28127","28950","29714","30453","31201","32081","33096","34143","35204","36276","37413","38558","39633","40654","41591","42480","43422","44449","45542","46686","47863","49110","50445","51859","53443","55329","57558","60052","62684","65356","67999","70607","73213","75864","78579","81349","84174","87055","89985","92966","96268","99846","103384","106930","110510","114144","118329","122506","125685","128115","130436","132782","136827","141097","143648","145892",
"Bermuda","BMU","Population ages 15-64, male","SP.POP.1564.MA.IN","13343","13678","14159","14635","15107","15594","16120","16613","17029","17416","17789","18030","18145","18262","18390","18525","18655","18765","18846","18895","18982","19165","19378","19566","19738","19895","20033","20235","20492","20716","20903","21000","21041","21093","21138","21170","21190","21288","21474","21669","21794","21827","21855","21892","21909","21941","21963","22067","22274","22450","22473","22328","22159","22069","22046","21992","21888","21796","21742","21680","21618","21549","21433","21282","21111","20911",
"Bolivia","BOL","Population ages 15-64, male","SP.POP.1564.MA.IN","985483","1009250","1033580","1057332","1079901","1102738","1126645","1151225","1176625","1202956","1230224","1258443","1287677","1317998","1349391","1381869","1415389","1449863","1485350","1521800","1558954","1596760","1635380","1674914","1715164","1755926","1797357","1839541","1882579","1926437","1970871","2016076","2062035","2110557","2161514","2212855","2264720","2317155","2370327","2424458","2479469","2535865","2592634","2650320","2710736","2773369","2838045","2903659","2969229","3034838","3100530","3166631","3233004","3300154","3368979","3438069","3506145","3573427","3640342","3707047","3768700","3824031","3885764","3955902","4026206","4095642",
"Brazil","BRA","Population ages 15-64, male","SP.POP.1564.MA.IN","19324742","19841076","20374709","20943328","21557456","22205958","22876281","23574171","24300213","25054832","25835390","26640795","27473468","28333836","29220792","30132214","31067768","32027406","33006653","33994728","34981483","35957736","36914760","37860081","38808438","39769197","40739234","41720488","42720294","43733175","44768256","45824421","46913214","48024280","49141313","50282612","51443646","52617144","53816031","55019072","56191793","57334334","58442995","59511126","60534060","61513717","62455665","63359432","64228824","65058714","65849743","66625947","67398441","68158591","68874617","69527590","70132420","70676535","71130531","71545466","71942990","72220795","72405514","72580447","72733607","72861901",
"Barbados","BRB","Population ages 15-64, male","SP.POP.1564.MA.IN","64432","65250","66032","66788","67510","68226","68998","69789","70524","71129","71552","71862","72337","72979","73675","74667","75667","76589","77657","78718","79639","80376","80848","81114","81324","81424","81515","81615","81623","81510","81825","82559","83165","83644","83999","84241","84413","84568","84756","84963","85076","85413","85989","86554","87174","87808","88456","89027","89397","89579","89787","90068","90319","90563","90816","91092","91385","91584","91651","91595","91422","91222","91041","90959","90846","90530",
"Brunei Darussalam","BRN","Population ages 15-64, male","SP.POP.1564.MA.IN","25210","26077","27049","28314","29883","31654","33646","35759","37949","40185","41905","43140","44628","46441","48489","50754","53192","55744","58183","60472","62778","65135","67698","70471","73318","76227","79211","81980","84511","87066","89644","92047","94458","97139","99988","103019","106177","109394","112659","116026","119541","123153","126781","130376","133884","137253","140472","142997","144930","146938","149066","151500","154357","157390","160419","163414","166259","168907","171383","173731","175957","177671","178754","179743","180796","181739",
"Bhutan","BTN","Population ages 15-64, male","SP.POP.1564.MA.IN","65235","67432","69861","72388","74942","77583","80272","83067","85968","88985","92096","95272","98515","101827","105215","108692","112260","115929","119712","123557","127413","131289","135195","139199","143330","147563","151906","156360","160903","165534","169817","172569","166154","159623","159874","158494","159423","163223","167586","173927","181988","190506","199403","208574","217987","226089","231812","236707","241722","246677","251516","256256","260833","265196","269409","273539","277610","282067","286893","291609","296124","300374","304361","308154","311779","315454",
"Botswana","BWA","Population ages 15-64, male","SP.POP.1564.MA.IN","123454","124612","125893","127277","129170","129317","127162","124826","122421","120071","117826","118631","124881","135018","146304","158024","170800","184477","202025","220289","229099","236038","246316","255086","264190","273641","283200","292807","302363","312281","323007","334341","347216","361838","377402","393369","409430","425638","441831","458034","474350","490425","505802","520615","535165","549636","564279","579265","594661","610285","625682","638953","649058","658361","668495","679576","691769","704938","718859","733553","749120","764718","778324","790449","803604","817688",
"Central African Republic","CAF","Population ages 15-64, male","SP.POP.1564.MA.IN","461338","467834","474525","481286","489161","499023","509978","521360","533155","545230","556813","567303","576987","586601","596696","607329","617341","626432","635485","644530","653628","662884","672381","682182","692156","702103","711932","721571","732552","747779","765820","784841","806353","830091","855048","876345","897150","921836","947748","975571","1005195","1027901","1051732","1080319","1105328","1132022","1154079","1173235","1196237","1163433","1126566","1135484","1132704","1124081","1095018","1079429","1097965","1113067","1129700","1139090","1154599","1169229","1143751","1144575","1192370","1246374",
"Canada","CAN","Population ages 15-64, male","SP.POP.1564.MA.IN","5307215","5391372","5480474","5583245","5701731","5831228","5983089","6149442","6312702","6462952","6639943","6938130","7098954","7258889","7436091","7616592","7781766","7931893","8067042","8201030","8354897","8493323","8615765","8713324","8803902","8892841","8987879","9102176","9206954","9356334","9480597","9579414","9666765","9752510","9852889","9955200","10066354","10180149","10282571","10392961","10526057","10679245","10829663","10956255","11088714","11225596","11361861","11478591","11598654","11721783","11835641","11920494","12002519","12072262","12131400","12156512","12228807","12320387","12452887","12587177","12663138","12665751","12847446","13173133","13522227","13583364",
"Central Europe and the Baltics","CEB","Population ages 15-64, male","SP.POP.1564.MA.IN","28036540","28312808","28659904","29066487","29507681","29924510","30348904","30793145","31179762","31538606","31854841","32145569","32447935","32711325","32938286","33141657","33317740","33458609","33588713","33703326","33844352","34064439","34392026","34788790","35105100","35305486","35474687","35641093","35785742","35884904","35976618","36008178","36010842","36101021","36212634","36281700","36327164","36390068","36466385","36560557","36527452","36450505","36402532","36477281","36548824","36588095","36601019","36539934","36444202","36340091","36190198","36083436","35890560","35616385","35331968","35016484","34678996","34336189","34016441","33725117","33310319","32833546","32707031","32678945","32571333","32427015",
"Switzerland","CHE","Population ages 15-64, male","SP.POP.1564.MA.IN","1700157","1738208","1786124","1829630","1862009","1881001","1898079","1922073","1948858","1973735","1985974","1991247","2006527","2023983","2037807","2039938","2033131","2033844","2043606","2060363","2083810","2111982","2140864","2164575","2184663","2203979","2221939","2240384","2259084","2278529","2302352","2328576","2348359","2363210","2376654","2387352","2392617","2394237","2398999","2409273","2421654","2442421","2469542","2492776","2514380","2534987","2554811","2581991","2619963","2653191","2678811","2705961","2730429","2757584","2786315","2813176","2839831","2859299","2869540","2879477","2892463","2906252","2918342","2940962","2964366","2977398",
"Channel Islands","CHI","Population ages 15-64, male","SP.POP.1564.MA.IN","35930","36225","36677","37160","37623","38054","38474","38860","39177","39459","39710","39975","40330","40769","41274","41829","42227","42387","42515","42714","42982","43458","44180","45000","45797","46551","47222","47760","48257","48764","49291","49550","49466","49355","49252","49135","49148","49317","49503","49682","49875","50143","50505","50912","51343","51821","52385","52993","53572","54097","54598","54886","54925","54978","55098","55160","55099","55009","55018","55093","55131","55198","55312","55395","55413","55358",
"Chile","CHL","Population ages 15-64, male","SP.POP.1564.MA.IN","2341526","2384915","2431063","2480553","2532341","2585576","2639938","2694837","2750763","2808355","2867689","2929336","2993631","3060109","3128573","3198840","3270328","3342607","3415353","3488377","3562118","3636455","3710991","3786181","3861766","3937379","4012765","4088286","4163669","4237441","4310190","4381438","4450829","4519814","4589343","4660050","4731927","4805139","4881639","4960755","5040515","5121706","5204968","5290424","5378037","5467608","5558002","5646404","5731478","5813318","5892944","5969661","6040290","6105228","6168112","6229600","6305141","6411907","6535545","6645743","6705296","6733999","6766988","6802439","6838700","6870468",
"China","CHN","Population ages 15-64, male","SP.POP.1564.MA.IN","191521196","191028499","192738876","195535063","198136020","202019706","207439641","213597511","220013260","226316523","233190474","240133072","247077847","253699417","258631212","262483089","266008337","271486551","280773020","290598095","299333733","307873746","316130984","325081496","334655686","343989811","353057467","361487505","369523423","376673439","382360365","387741122","393135394","398159767","403534425","409252019","415366127","422265440","428778874","434662800","440805428","447512011","455010074","462496080","469907291","477694653","484073652","488480796","492189284","495296860","497906891","500360801","502640881","504272441","505393911","506061884","506401569","506077240","505255727","504560800","503795065","503370826","502966153","502922178","504404744","506476682",
"Cote d'Ivoire","CIV","Population ages 15-64, male","SP.POP.1564.MA.IN","1033440","1072901","1114467","1155881","1196891","1239416","1283846","1329760","1377553","1429369","1488112","1554978","1629101","1707847","1789192","1873178","1938492","1986776","2041522","2102778","2170023","2242500","2319644","2400994","2486153","2575098","2668018","2765056","2868496","2980808","3102509","3233820","3373676","3519985","3672419","3831078","3995200","4164325","4335778","4482732","4602899","4720287","4836853","4952212","5067717","5185735","5306880","5431338","5622510","5874457","6117753","6350627","6571963","6786800","6982876","7168277","7367046","7572088","7781859","7996217","8211428","8438720","8692084","8961959","9236759","9518107",
"Cameroon","CMR","Population ages 15-64, male","SP.POP.1564.MA.IN","1415449","1415592","1429270","1455801","1482322","1510548","1540953","1573087","1607087","1643023","1680922","1720657","1762090","1805190","1849891","1896118","1939594","1980120","2026199","2075710","2142786","2221075","2257003","2282522","2341238","2411035","2484455","2561243","2638670","2717565","2801075","2887122","2975664","3068879","3166133","3266662","3372049","3482545","3595673","3710077","3826924","3948776","4077846","4210837","4345132","4480819","4618241","4762506","4913299","5066586","5222342","5379955","5541637","5710419","5908033","6121357","6321796","6511710","6704792","6912374","7128365","7349865","7579232","7820546","8069058","8321818",
"Congo, Dem. Rep.","COD","Population ages 15-64, male","SP.POP.1564.MA.IN","3859097","3978413","4100557","4223659","4342747","4463772","4594331","4732668","4875242","5018068","5160371","5295017","5426115","5564721","5708115","5855082","6001683","6148816","6364429","6631938","6861742","7071861","7299077","7553034","7834105","8116184","8379214","8646956","8927298","9208090","9520785","9840759","10174666","10547626","11142625","11641550","11710398","11731479","11988694","12386705","12773369","13176559","13572545","13954080","14357434","14804197","15261849","15712245","16170949","16662542","17211667","17813876","18431929","19071665","19729996","20390482","21162875","21997303","22728380","23408854","24140129","24916209","25722686","26582466","27481736","28415609",
"Congo, Rep.","COG","Population ages 15-64, male","SP.POP.1564.MA.IN","280743","286485","292320","298668","305620","313080","321126","329534","338328","347508","357083","367085","377499","388350","399593","409443","417928","426776","436060","445892","456315","467228","478321","489472","503339","520052","537311","555417","574194","593926","614542","635941","657812","681707","706047","729314","753063","767960","784028","809703","852540","895663","918658","948209","987711","1030717","1076715","1121951","1160731","1212196","1266723","1304509","1334519","1358445","1383822","1411199","1441628","1475654","1512471","1551551","1593172","1637044","1683700","1734286","1787827","1844290",
"Colombia","COL","Population ages 15-64, male","SP.POP.1564.MA.IN","3883766","3995240","4112235","4233020","4362631","4502766","4647675","4798183","4955630","5119131","5289240","5462763","5642082","5831392","6027221","6227997","6431552","6644451","6868900","7098390","7336231","7578956","7824054","8076401","8329922","8572953","8805535","9033838","9261850","9491807","9725746","9955088","10184685","10419705","10658203","10902701","11150907","11406137","11667592","11925956","12174571","12420291","12669096","12921519","13179488","13440772","13702705","13964678","14222941","14480554","14736615","14981522","15215217","15442872","15657433","15862449","16095034","16420856","16822291","17204743","17506651","17731670","17939389","18147107","18332418","18490437",
"Comoros","COM","Population ages 15-64, male","SP.POP.1564.MA.IN","53142","53694","54146","54471","54734","55083","55578","56363","57473","58783","60299","62009","63862","65832","67919","70079","72279","74532","76822","79138","81474","83739","85990","88339","90744","93164","95595","98030","100475","102952","105446","107729","109189","110074","111107","112340","113792","115537","117659","120704","124449","128172","131872","135342","139570","144846","150277","155874","161675","167649","173693","179740","185734","191371","196583","201687","206869","212558","218604","224540","230516","236538","242633","248865","254967","260960",
"Cabo Verde","CPV","Population ages 15-64, male","SP.POP.1564.MA.IN","50252","50853","51997","53503","55173","57072","59231","61628","64263","67118","69757","71241","71463","71313","71246","70714","69698","68748","67939","67337","67391","68590","70423","72279","74110","75910","77677","79412","81118","82900","85270","88129","90984","93875","96818","99815","102871","106024","109317","112791","116687","121137","125863","130643","135447","140265","145090","149911","154696","159411","163617","166776","169136","171059","172553","173628","174276","174591","174733","174806","174789","176288","179086","181552","183966","186358",
"Costa Rica","CRI","Population ages 15-64, male","SP.POP.1564.MA.IN","334470","346270","358700","371811","385544","399761","414617","430214","446553","463623","481409","499941","519327","539642","560899","583017","605835","629185","652863","676706","700591","724399","748019","771083","793715","816168","838297","860206","882049","904325","927881","953043","979669","1007607","1036876","1067308","1098686","1130962","1163870","1197101","1230142","1262669","1294600","1325970","1356837","1387177","1416767","1445434","1473271","1500278","1526216","1550782","1574208","1596743","1618582","1639699","1659363","1676759","1691942","1705728","1718684","1729520","1739054","1749335","1759336","1767338",
"Caribbean small states","CSS","Population ages 15-64, male","SP.POP.1564.MA.IN","655443","668600","680247","692205","704231","716244","728973","742700","757433","773359","791215","810218","827643","843660","859917","876923","894514","912687","931016","948189","964319","980007","994925","1008836","1021854","1034823","1047925","1060220","1072425","1084351","1095351","1107453","1121637","1136245","1151216","1168234","1186844","1205885","1225334","1244870","1264130","1283570","1303219","1322398","1340002","1335262","1349621","1364280","1378156","1389581","1402757","1416522","1428377","1439302","1449562","1458898","1467654","1475029","1495735","1509195","1507596","1513330","1519886","1527057","1531965","1535625",
"Cuba","CUB","Population ages 15-64, male","SP.POP.1564.MA.IN","2201995","2237810","2271285","2303491","2336154","2369681","2402280","2433768","2465722","2499344","2535383","2573628","2612389","2650551","2689381","2730868","2776657","2827994","2885140","2946612","3010508","3082174","3160030","3236304","3311126","3385065","3458412","3529733","3596181","3655025","3704655","3744352","3774919","3797885","3809242","3810926","3810190","3813116","3822061","3833482","3845922","3857348","3867833","3881685","3898717","3914135","3926114","3932495","3932610","3928665","3922984","3917212","3910421","3902258","3893314","3885976","3880033","3871283","3858310","3841938","3825511","3806088","3783481","3762511","3741631","3718007",
"Curacao","CUW","Population ages 15-64, male","SP.POP.1564.MA.IN","33902","34067","34642","35286","35906","36451","36772","37117","37679","38321","38999","39903","40298","40510","41414","42173","42818","43413","43654","44049","44599","45206","46020","46644","47082","47415","47402","46965","46190","45358","44742","44254","43877","43754","43621","43547","43678","43667","42756","41117","39338","37877","38023","38988","39853","41078","42332","43325","43989","44355","44928","45542","46052","46821","47636","48389","48997","49263","52382","53586","51978","51637","51521","52038","52535","52701",
"Cayman Islands","CYM","Population ages 15-64, male","SP.POP.1564.MA.IN","2208","2232","2254","2280","2315","2355","2401","2450","2498","2549","2672","2895","3158","3428","3708","3996","4285","4575","4858","5143","5449","5782","6136","6497","6860","7224","7589","7958","8327","8713","9180","9720","10275","10829","11375","11921","12464","12996","13518","14041","14565","15096","15644","16202","16773","17362","17965","18577","19183","19779","20360","20948","21560","22184","22815","23440","24053","24653","25239","25815","26398","26911","27343","27778","28198","28588",
"Cyprus","CYP","Population ages 15-64, male","SP.POP.1564.MA.IN","162271","164962","168213","171503","174494","177261","179980","182593","185127","187701","190362","193101","195866","198591","198014","197001","200889","206832","212675","218275","223532","228408","232621","236185","239771","243749","248044","252509","256963","261320","265589","269821","274171","279140","285037","291705","298981","306663","314559","322552","330582","338427","345773","353180","361254","369852","378768","387733","396522","404996","413065","420587","427510","433908","439828","445340","450494","455347","459917","464183","468097","471570","474693","477656","480192","482348",
"Czechia","CZE","Population ages 15-64, male","SP.POP.1564.MA.IN","3040646","3050951","3087130","3121049","3148964","3172413","3194282","3212905","3227402","3239133","3230217","3219772","3226112","3228123","3223288","3215529","3209386","3205080","3205138","3212428","3219406","3233019","3258118","3283456","3303166","3313964","3321225","3331351","3348857","3374451","3393356","3411424","3440366","3469230","3495812","3517174","3532530","3546408","3560431","3575049","3584356","3591384","3605137","3624007","3641749","3658121","3675017","3696993","3719312","3724094","3713359","3691075","3658790","3623967","3594541","3569910","3545246","3523356","3505961","3493587","3481870","3405720","3467333","3542390","3555441","3549649",
"Germany","DEU","Population ages 15-64, male","SP.POP.1564.MA.IN","22574279","22631386","22739836","22885647","23016774","23199238","23314249","23247926","23251010","23504438","23620505","23691429","23918950","24155005","24305196","24324140","24395079","24555336","24781716","25092756","25504694","25932537","26282181","26574492","26778318","26904460","27041818","27186036","27347920","27585094","27818173","28001004","28241131","28408304","28416701","28433266","28473610","28412083","28365350","28347313","28242796","28159870","28096022","27982967","27821460","27615271","27456111","27358661","27223447","27039234","26959245","26538662","26673597","26799563","26910231","27193557","27409123","27391187","27365941","27307938","27189152","27036380","26875042","26773677","26683470","26476152",
"Djibouti","DJI","Population ages 15-64, male","SP.POP.1564.MA.IN","22717","23669","24763","26052","27518","29036","30537","32067","33642","35525","37729","40149","42857","45840","49330","53631","58848","64858","71287","77515","82987","87486","91183","94638","98620","103735","110218","117916","126227","136887","152166","166273","165419","162905","166972","169524","174792","183538","194066","203253","211499","219994","228477","234135","237608","241595","247462","254531","261562","268818","275967","283015","290050","297187","304551","312183","320126","328334","336663","344881","352821","360392","367650","374714","381513","387956",
"Dominica","DMA","Population ages 15-64, male","SP.POP.1564.MA.IN","13071","13199","13334","13452","13546","13618","13669","13701","13735","13783","14000","14441","14958","15480","16002","16514","17002","17467","17909","18332","18750","19156","19533","19872","20147","20345","20471","20531","20523","20408","20163","20019","20117","20284","20437","20572","20679","20765","20834","20870","20872","20965","21207","21487","21744","21991","22242","22487","22713","22905","23047","23279","23469","23854","24259","24428","24248","23902","23842","23783","23713","23596","23432","23256","23084","22916",
"Denmark","DNK","Population ages 15-64, male","SP.POP.1564.MA.IN","1455945","1475719","1495626","1512092","1525041","1535378","1544961","1555048","1564034","1574397","1592377","1606426","1613426","1622489","1627841","1628807","1631926","1638755","1647936","1658972","1670323","1682064","1693037","1701332","1708595","1716293","1725765","1735559","1741972","1746867","1753898","1761800","1768394","1774496","1779875","1787291","1794438","1798063","1800181","1801152","1802126","1803669","1805078","1806035","1807329","1809816","1813583","1819389","1827027","1830700","1830202","1828140","1826163","1827899","1834286","1846749","1859877","1868175","1873335","1875372","1875471","1880752","1894342","1906274","1913770","1921092",
"Dominican Republic","DOM","Population ages 15-64, male","SP.POP.1564.MA.IN","802037","822250","843921","867265","891725","916023","942765","973614","1006867","1042479","1080370","1120357","1162206","1205697","1250540","1296421","1343267","1391105","1439921","1489689","1540042","1590552","1640970","1691162","1741440","1792133","1843272","1894949","1947373","2000298","2053420","2106502","2159415","2212317","2265744","2319775","2373779","2427694","2482150","2537110","2591056","2643362","2695180","2747988","2802681","2858876","2915626","2972447","3029182","3085424","3140478","3193981","3244802","3292383","3339337","3387164","3433797","3478172","3520319","3559634","3599240","3638486","3673328","3706413","3741319","3777176",
"Algeria","DZA","Population ages 15-64, male","SP.POP.1564.MA.IN","2929386","2952670","2976440","3004029","3045770","3097278","3161031","3240463","3329191","3423047","3517216","3611507","3709018","3812425","3924181","4042702","4161511","4292766","4447567","4618170","4803117","5003270","5218722","5450451","5697599","5958187","6226215","6487381","6744646","7001311","7256398","7508413","7730459","7942367","8174649","8421172","8683930","8962403","9255464","9560979","9868831","10170470","10464498","10750780","11031240","11302135","11564022","11827546","12097338","12364838","12619414","12855998","13071424","13250357","13400028","13545794","13695383","13843963","13988091","14139228","14303981","14487793","14692574","14911772","15141961","15382743",
"East Asia & Pacific (excluding high income)","EAP","Population ages 15-64, male","SP.POP.1564.MA.IN","253928306","254723440","257761299","261921226","265990433","271323164","278163279","285919283","294095737","302321325","311161918","320130654","329258249","338179569","345474807","351737204","357756496","365871452","377929215","390617601","402334284","413963837","425444151","437771905","450813759","463616423","476131058","488078829","499698762","510383867","519631121","528567408","537531150","546201975","555183791","564567667","574450864","585242396","595783554","605621401","615556720","625931661","636936446","647890500","658761039","670014307","679942833","688044493","695446590","702177370","708449392","714482081","720285495","725307893","729563624","733247024","736596852","739182555","741059578","742894820","744566447","746453467","748274133","750460569","754137964","758341590",
"Early-demographic dividend","EAR","Population ages 15-64, male","SP.POP.1564.MA.IN","274075353","279717628","285439928","291243263","297532626","304129902","310854863","318161729","325805035","333626233","342031000","350356055","358935532","368366726","378246073","388628848","399269893","410258803","421405100","433025375","445409234","458571142","472091736","485562075","499140179","512883534","526954689","541365018","556120640","571173730","587464114","603603930","619150567","634940301","650223729","665804726","682924761","700791125","719439542","738364643","757549049","776849390","795560855","814328959","833795928","853254186","872865142","892484777","911739335","930931236","950031351","969436428","988380322","1007100658","1025052454","1043289871","1061028389","1077796418","1093981546","1110418992","1127584985","1143210381","1159811058","1176804147","1193891643","1211108413",
"East Asia & Pacific","EAS","Population ages 15-64, male","SP.POP.1564.MA.IN","298332976","300035144","304236693","309584778","314953770","321525654","329504456","338168458","347231106","356589029","366573935","377007070","387149657","397047022","405386566","412696001","419731273","428853091","441897570","455621897","468365089","480954433","493370745","506728414","520773716","534594646","548192528","561266457","573978206","585705796","595861831","605636378","615266750","624538995","634110632","644054201","654516374","665723223","676627618","686726154","696827852","707319305","718413622","729441262","740332382","751513160","761488803","769763011","777412938","784314294","790797572","796842237","802463644","807198358","811193815","814670161","817874213","820280012","822029259","823776003","825108456","826280079","827739927","830084935","833608028","837405989",
"Europe & Central Asia (excluding high income)","ECA","Population ages 15-64, male","SP.POP.1564.MA.IN","35647506","36158320","36773327","37460023","38232794","39041037","39879345","40740530","41601036","42497805","43373713","44325596","45368194","46430011","47524281","48636543","49742110","50825711","51900693","52789845","53694139","54704560","55738868","56780352","57788152","58784655","59796437","60817212","61842653","62808131","63625416","64267317","64830470","65200505","65468210","65827299","66367752","66909340","67489150","68173184","68992655","69818472","70622324","71386365","72126789","72840911","73590577","74157936","75066920","76045871","77001070","77880788","78609232","79296727","79910637","80421275","80901302","81337095","81801212","82240835","82504355","82738095","82089015","81356098","81837747","82781199",
"Europe & Central Asia","ECS","Population ages 15-64, male","SP.POP.1564.MA.IN","199100453","200897343","203381686","206081202","208915346","211774606","214285282","216677153","219005255","221571562","223964449","226366534","229124265","231921703","234673690","237321220","239998354","242622440","245276435","247810197","250520619","253579420","256621150","259560108","262309705","264700090","266940249","269217302","271231533","273115671","274790596","276228456","277503034","278470098","279120813","279937987","280947462","281885880","283148800","284617810","285917936","287192294","288519432","289881998","291183367","292384288","293664303","294968886","296541149","297806550","298915400","299333619","299650562","299728968","299699623","299770230","299929632","299830470","299825797","299895841","299437682","298862152","298122697","297624059","298213653","298872153",
"Ecuador","ECU","Population ages 15-64, male","SP.POP.1564.MA.IN","1177062","1207961","1240640","1276514","1316161","1357941","1401044","1445861","1492437","1540781","1590811","1642628","1696433","1752231","1809930","1869549","1931094","1994595","2060237","2128258","2199072","2272478","2348285","2427013","2508319","2591455","2675677","2760615","2845394","2929049","3011481","3091090","3169504","3246773","3322110","3397950","3474568","3551703","3630589","3711617","3793525","3876822","3962578","4051371","4142869","4236796","4333488","4432314","4531379","4629632","4727957","4827503","4927422","5026170","5125070","5227241","5335407","5450441","5576748","5701389","5796072","5867032","5939028","6016666","6097383","6179022",
"Egypt, Arab Rep.","EGY","Population ages 15-64, male","SP.POP.1564.MA.IN","7234046","7406592","7607688","7822690","8039890","8255119","8472516","8695598","8926531","9163394","9398368","9629604","9863075","10099314","10340521","10590865","10838901","11094594","11369532","11655715","11964267","12296189","12650854","13043985","13464328","13892737","14316866","14748731","15204085","15672512","16262947","16849563","17356884","17882311","18392648","18919562","19458659","20013105","20631051","21292842","21957195","22627972","23303170","23994876","24691223","25370544","26005782","26585382","27124779","27645484","28149163","28722665","29354807","30001069","30632496","31180267","31737576","32340879","32973059","33625436","34273767","34923684","35596147","36366261","37182588","37941611",
"Euro area","EMU","Population ages 15-64, male","SP.POP.1564.MA.IN","86343955","86973625","87769473","88627278","89420808","90157771","90723322","91129210","91582770","92240532","92810576","93378705","94166759","94997253","95785263","96488911","97225737","98008188","98867618","99870246","101093484","102447351","103669304","104823224","105821320","106543623","107161977","107799957","108420403","109063959","109667979","110248276","110821470","111257046","111432568","111640760","111936232","112057141","112207050","112391209","112494651","112595313","112929144","113412084","113891529","114252184","114601685","115107251","115469090","115466449","115385493","114819694","114634033","114331338","114029787","113990037","114019111","113874814","113805614","113806989","113698146","113497694","113547650","113805755","113936093","113873917",
"Eritrea","ERI","Population ages 15-64, male","SP.POP.1564.MA.IN","267580","274530","281651","288560","295310","301439","306818","312412","318396","324670","331217","337978","344931","352364","360212","368063","376297","385180","394474","404146","414387","425198","436282","446920","456994","466895","477046","487599","498387","508591","517648","487735","455573","472057","488193","526811","559926","556967","554903","553257","555465","574734","601570","636948","672955","690133","698266","705856","728600","751187","768253","785764","798485","810360","814855","815590","821134","830549","848466","869687","893512","920732","947384","973672","1001491","1031480",
"Spain","ESP","Population ages 15-64, male","SP.POP.1564.MA.IN","9505733","9588662","9666889","9758581","9854133","9933030","9996412","10086946","10191079","10263029","10349342","10458310","10574099","10697409","10844516","10993334","11119653","11248584","11386538","11536237","11685513","11848577","12017348","12167021","12310779","12443965","12558868","12663844","12763322","12858055","12952238","13069649","13214441","13358001","13490090","13609894","13712590","13799064","13874248","13942830","14008501","14093396","14311210","14626960","14956055","15260498","15531472","15849756","16093213","16153224","16117447","16065981","15968660","15788970","15632814","15554251","15518850","15511564","15557623","15674597","15772624","15813500","15919203","16084524","16219101","16345438",
"Estonia","EST","Population ages 15-64, male","SP.POP.1564.MA.IN","351270","356122","363008","370713","379320","387979","395847","402056","407682","413799","419675","425137","430144","435227","440641","445939","450416","454486","458188","460966","463831","467538","471676","475520","479900","485215","490413","495205","498696","500636","501228","498791","487937","473522","462811","454113","447600","443536","441478","448248","455196","453876","452477","451308","450163","448696","446021","443277","441880","440745","438964","436138","432453","428739","425373","423850","422376","421657","422826","424096","424074","424015","429977","437240","438165","436251",
"Ethiopia","ETH","Population ages 15-64, male","SP.POP.1564.MA.IN","5754946","5901369","6054602","6206299","6354172","6490648","6613022","6738753","6872296","7009743","7150831","7289239","7426725","7576343","7739360","7902049","8067624","8188630","8300178","8399997","8425296","8620340","8951716","9223157","9508540","9819205","10145536","10511146","10929880","11353375","11770503","12315175","12864125","13307406","13760769","14222535","14679452","15118587","15551159","15999955","16472025","16982896","17542835","18138250","18759411","19403604","20079862","20804328","21569776","22373076","23229484","24139428","25088561","26056754","27049798","28071614","29126184","30207289","31285343","32366187","33479130","34602670","35723399","36851724","37982002","39116600",
"European Union","EUU","Population ages 15-64, male","SP.POP.1564.MA.IN","110906791","111749372","112845090","114049313","115213955","116299082","117221257","117999176","118765201","119723272","120577177","121393378","122421606","123453112","124403810","125252561","126109308","126981728","127933054","129026730","130370526","131900572","133381300","134855926","136111160","137002242","137757155","138523848","139265324","140030254","140775058","141460392","142140546","142722175","143035719","143364406","143756464","143969837","144218310","144507899","144601365","144745539","145092163","145671466","146249862","146691479","147108052","147604848","147927691","147880538","147728939","147135691","146823209","146359424","145887775","145671914","145520838","145199062","144947356","144765959","144319421","143716841","143709846","143970247","144030570","143876690",
"Finland","FIN","Population ages 15-64, male","SP.POP.1564.MA.IN","1325928","1348968","1374331","1399090","1419565","1435477","1450187","1466881","1482364","1488742","1489681","1500804","1520707","1538277","1552837","1563925","1571353","1579218","1588798","1598097","1608358","1621374","1636391","1650616","1663143","1671663","1676253","1679833","1681691","1684412","1690484","1699142","1707886","1714317","1718854","1722370","1726088","1731557","1739090","1746125","1750661","1754445","1758001","1760672","1763304","1768688","1772725","1778640","1787928","1793576","1794514","1789912","1783017","1775215","1767246","1760065","1755657","1751472","1745806","1742280","1740373","1740640","1743358","1750802","1762350","1771812",
"Fiji","FJI","Population ages 15-64, male","SP.POP.1564.MA.IN","105367","108533","111914","115488","119228","123026","126846","130474","133901","137414","141029","144746","148565","152469","156429","160424","164636","169561","175023","180448","185734","190922","196032","201069","206098","211143","215866","219262","221586","223797","226088","228597","231237","233955","236784","239713","243108","247677","252979","258197","263108","267654","271997","276181","280238","284206","288085","291718","294343","296011","297447","298720","299661","300208","300508","300672","300809","300733","300379","299893","300227","301269","302811","305052","307097","308895",
"France","FRA","Population ages 15-64, male","SP.POP.1564.MA.IN","14601845","14768071","14979262","15182122","15364543","15525343","15662387","15784448","15910431","16068471","16254068","16431066","16590591","16751317","16900370","17009028","17116049","17235612","17350193","17480778","17660065","17899132","18093987","18294854","18473367","18595220","18685017","18799210","18920877","19032663","19107303","19152286","19204315","19255546","19299629","19348800","19405304","19462792","19535626","19617898","19704733","19816012","19943300","20082397","20223956","20365881","20513482","20634229","20707814","20756650","20808293","20810009","20769337","20759312","20733674","20673642","20641952","20633754","20635922","20646855","20665613","20715636","20798974","20830675","20858681","20879285",
"Faroe Islands","FRO","Population ages 15-64, male","SP.POP.1564.MA.IN","10718","10915","11106","11297","11487","11672","11829","11938","12021","12098","12201","12367","12560","12745","12923","13091","13267","13461","13687","13931","14180","14435","14687","14929","15143","15376","15559","15801","16093","16337","16235","16054","15918","15568","14920","14557","14570","14765","14959","15141","15366","15687","15944","16211","16410","16486","16516","16503","16499","16525","16306","16098","15973","15903","15885","15980","16117","16317","16600","16883","17114","17349","17599","17820","17938","18034",
"Micronesia, Fed. Sts.","FSM","Population ages 15-64, male","SP.POP.1564.MA.IN","11215","11527","11850","12148","12460","12827","13217","13605","13988","14389","14809","15187","15522","15878","16257","16674","17127","17593","18095","18643","19218","19817","20445","21102","21791","22518","23281","24078","24756","25312","25898","26534","27304","28169","28953","29518","29906","30253","30586","30927","31317","31722","32035","32240","32391","32532","32646","32727","32771","32777","32861","33007","33133","33264","33426","33614","33760","33872","33975","34045","34227","34413","34504","34647","34847","35092",
"Gabon","GAB","Population ages 15-64, male","SP.POP.1564.MA.IN","151209","151923","152740","153561","154432","155506","156736","158062","159500","161631","164296","166775","169135","171556","174178","177043","180159","183519","187098","190873","194854","199068","203515","208199","213147","218388","223957","229867","236104","242648","249514","256746","264363","272376","280798","289786","299423","309597","320288","331520","343372","355925","369240","383373","398436","414632","432084","450750","470468","491181","512951","535768","559490","583640","606982","628267","647069","663750","679383","694828","710228","725626","741382","757812","774988","792953",
"United Kingdom","GBR","Population ages 15-64, male","SP.POP.1564.MA.IN","16679625","16836962","17040060","17188775","17265416","17316797","17344245","17357722","17357557","17356479","17368539","17403309","17441485","17473851","17509997","17561631","17632585","17711314","17799604","17910578","18027615","18130093","18236851","18393513","18539023","18604590","18638388","18692229","18552132","18378924","18380148","18366503","18381034","18410910","18438446","18497123","18561325","18622849","18699312","18799877","18931889","19077106","19210070","19311836","19430933","19610903","19813428","20009659","20171959","20301990","20438434","20537699","20556918","20569960","20637856","20726776","20840087","20893331","20935840","21002326","21025585","21122311","21342527","21608185","21849123","21936630",
"Georgia","GEO","Population ages 15-64, male","SP.POP.1564.MA.IN","1078303","1088972","1102209","1117852","1134753","1152550","1158136","1150601","1143756","1140295","1151511","1174714","1196823","1218097","1240199","1261529","1282691","1303347","1322456","1342596","1362420","1380097","1397309","1413356","1427420","1441787","1456253","1469091","1483415","1484258","1476837","1477945","1479086","1479198","1447111","1388083","1335650","1292709","1262208","1239226","1218448","1202487","1194544","1189839","1188854","1189916","1191878","1195175","1201411","1199481","1197261","1191749","1185004","1181522","1177347","1170587","1162612","1154886","1147325","1138719","1134027","1126205","1126895","1128347","1158365","1197309",
"Ghana","GHA","Population ages 15-64, male","SP.POP.1564.MA.IN","1845103","1872642","1885030","1900861","1921878","1946256","1972683","2002738","2036079","2074418","2123768","2186624","2257845","2333505","2412743","2494230","2586287","2687997","2790528","2893599","2999402","3109135","3219584","3331007","3424017","3496291","3566816","3642877","3732176","3832830","3939962","4046850","4159219","4283295","4411949","4537205","4661062","4800927","4958227","5119252","5286160","5470356","5668258","5867313","6067650","6270102","6474584","6683385","6894056","7102700","7303372","7498493","7696062","7897083","8101286","8312090","8534104","8761814","8986548","9209410","9439732","9674407","9907618","10142789","10380735","10624490",
"Gibraltar","GIB","Population ages 15-64, male","SP.POP.1564.MA.IN","6886","6973","7124","7353","7609","7861","8106","8357","8611","8860","9074","9178","9227","9288","9362","9447","9520","9578","9635","9698","9761","9822","9857","9849","9821","9796","9769","9742","9704","9677","9666","9647","9627","9600","9563","9540","9517","9483","9445","9408","9370","9330","9368","9483","9608","9745","9901","10089","10268","10417","10511","10582","10651","10715","10784","10851","10959","11118","11309","11507","11722","11951","12202","12500","12783","13007",
"Guinea","GIN","Population ages 15-64, male","SP.POP.1564.MA.IN","981978","997790","1014515","1032179","1050187","1068924","1088708","1109018","1129760","1150306","1169531","1186791","1202102","1215906","1228385","1239469","1249450","1258896","1268805","1280496","1295047","1313023","1334501","1359108","1387028","1418885","1454706","1493894","1535111","1576221","1632481","1700475","1756009","1810753","1865628","1918989","1975619","2000328","2019654","2059513","2088185","2087188","2102418","2156288","2206589","2249842","2298945","2362617","2434050","2508423","2585664","2667207","2751158","2836012","2924925","3019803","3118341","3217972","3320463","3428918","3542190","3658314","3777788","3900773","4025471","4150637",
"Gambia, The","GMB","Population ages 15-64, male","SP.POP.1564.MA.IN","110313","113821","117290","120494","123369","126253","129324","132597","136086","139727","143513","147450","151547","155798","159460","162517","165692","168985","172381","175916","179616","183261","187101","191322","197563","206012","214981","224503","234595","245267","256506","268287","280084","290708","299654","307856","316314","325267","334771","344881","355550","366741","378472","390868","404033","418019","432882","448513","464770","481588","498795","516245","533969","552106","570640","589283","607992","626879","646011","665575","686203","707873","729909","752376","775482","799268",
"Guinea-Bissau","GNB","Population ages 15-64, male","SP.POP.1564.MA.IN","172137","172829","172839","171772","165845","157125","151544","150937","153588","153702","153619","153200","152268","154009","158213","164648","170892","177073","183452","188766","191829","193920","196121","198509","201177","204169","207476","211076","214935","219017","223277","229286","237775","247216","256388","264600","272105","279457","286604","293821","301846","310588","319683","329118","338948","349042","359434","370393","381873","393856","406380","419383","432859","446786","461085","475768","490838","506347","522381","538886","555767","573033","591029","609708","628591","647782",
"Equatorial Guinea","GNQ","Population ages 15-64, male","SP.POP.1564.MA.IN","73084","74078","75195","76438","78022","79948","81999","84141","86218","87003","86034","84296","82286","80156","77952","75742","73453","71913","71565","72095","74086","77660","82337","88701","96014","102553","108107","112791","117001","121088","125199","129422","133821","138440","143736","149865","156555","163811","171616","180112","192100","207863","224959","243215","262405","280449","297261","314780","333122","352308","372209","391185","409092","427275","445532","463839","482240","500676","519305","538289","553097","565686","580054","594271","608849","623717",
"Greece","GRC","Population ages 15-64, male","SP.POP.1564.MA.IN","2693106","2717410","2734499","2744176","2753124","2749655","2729626","2752777","2766466","2763554","2771353","2767054","2784167","2795767","2804862","2835173","2878995","2910203","2946197","2993316","3024716","3049845","3085853","3127644","3168428","3203090","3233727","3266120","3299647","3337970","3389086","3436045","3466299","3492261","3516212","3540486","3563993","3588740","3614987","3631775","3646086","3662292","3670951","3676421","3683836","3693447","3702326","3707549","3708120","3701648","3684256","3649674","3595033","3533222","3479910","3432988","3402487","3386341","3373973","3371018","3363283","3310079","3260419","3254604","3253689","3257152",
"Grenada","GRD","Population ages 15-64, male","SP.POP.1564.MA.IN","21221","21656","22038","22355","22686","22788","22683","22709","22843","23084","23420","23770","24075","24357","24609","24816","24966","25061","25094","25052","24919","25050","25646","26342","26979","27601","28210","28785","29309","29764","30153","30468","30713","30904","31059","31191","31331","31512","31745","32025","32352","32867","33574","34312","35032","35711","36338","36905","37409","37860","38254","38586","38901","39219","39521","39805","39995","40095","40185","40259","40379","40513","40581","40608","40644","40688",
"Greenland","GRL","Population ages 15-64, male","SP.POP.1564.MA.IN","9034","9343","9707","10086","10392","10787","11223","11829","12475","13128","13796","14295","14950","15532","16093","16572","17103","17465","17786","18292","18871","19541","20075","20598","21046","21354","21490","21683","21859","21924","21838","21546","21235","20979","20883","20873","20887","20920","20967","21000","21074","21188","21319","21432","21538","21602","21590","21543","21476","21476","21557","21695","21654","21485","21346","21225","21217","21169","21054","21037","20980","20969","20842","20718","20456","20215",
"Guatemala","GTM","Population ages 15-64, male","SP.POP.1564.MA.IN","1070983","1101273","1133317","1167189","1202784","1239164","1275891","1313468","1351632","1389306","1426649","1463360","1500003","1537181","1575876","1615407","1651218","1687602","1727505","1767701","1807376","1845253","1873871","1906773","1955228","2007725","2060811","2114496","2170472","2228879","2290299","2351953","2414990","2481505","2550340","2621900","2695794","2772886","2855027","2939540","3020500","3101880","3189575","3283211","3382440","3485214","3591278","3701778","3814985","3930263","4049288","4172470","4298074","4424127","4548802","4671296","4796625","4922787","5042049","5156657","5274887","5393315","5515578","5646614","5778473","5910907",
"Guam","GUM","Population ages 15-64, male","SP.POP.1564.MA.IN","26282","26341","26659","27170","27809","28492","29131","29679","30147","30565","30937","31316","31792","32379","33058","33773","34458","35088","35691","36266","37002","38035","39234","40550","42016","43608","45183","46650","48014","49250","50002","50280","50515","50795","51104","51412","51707","52023","52371","52722","53041","53314","53584","53875","54217","54614","55040","55477","55883","56224","56426","56450","56353","56157","55865","55482","55013","54464","53840","53144","52805","52844","52830","52777","52753","52772",
"Guyana","GUY","Population ages 15-64, male","SP.POP.1564.MA.IN","141395","144192","146298","148666","151330","154347","157739","161498","165616","170064","174159","177574","180767","183950","187156","190350","193547","196712","199828","202872","205534","208136","210879","213351","215485","217213","218482","219248","219487","219218","218518","218474","219678","221193","222499","223570","224416","225065","225576","226013","226405","226765","227238","227881","228602","229417","230449","231606","232705","233731","234627","235285","235883","236562","237209","237771","238200","238475","249518","255970","252468","254559","256028","256801","257947","259473",
"High income","HIC","Population ages 15-64, male","SP.POP.1564.MA.IN","272966237","276039334","280173414","284521572","289023974","293408018","297371395","301080720","304726092","308863090","313006352","317722818","322220824","326748606","331278693","335729536","340167383","344562549","348931640","353387407","357820213","362354034","366731214","371025576","375109003","378933590","382696121","386417174","389731136","392948251","395970624","399156536","402327720","405283639","408029482","410884786","413899560","416851224","420062300","423304992","426260116","429130291","432003947","434894870","437836302","440704485","443912658","447482549","450921158","453594694","455319237","456940175","458555124","459869696","460842778","462518887","464154066","464514527","464172820","464211538","464044100","462042305","463654722","466407749","468839331","469776186",
"Hong Kong SAR, China","HKG","Population ages 15-64, male","SP.POP.1564.MA.IN","905566","899805","884374","848337","960495","1081907","1089130","1019892","964609","1069744","1171399","1246301","1298633","1361946","1432980","1488257","1534449","1584068","1640920","1759965","1829986","1882818","1908945","1932878","1946531","1961526","1982859","2003309","2021127","2042669","2049010","2063283","2075208","2105409","2148154","2186312","2278052","2286818","2295970","2310130","2325523","2335536","2335448","2322388","2336283","2345350","2359737","2376432","2384158","2382016","2392591","2399152","2408618","2394943","2384817","2376191","2361839","2350889","2340627","2327797","2288836","2238496","2191034","2220028","2185976","2149521",
"Honduras","HND","Population ages 15-64, male","SP.POP.1564.MA.IN","513505","525205","537766","551432","566411","582566","599486","617215","635844","655393","675839","697200","719446","742209","766046","791386","817399","843755","870608","898239","926839","956436","986994","1018481","1050862","1084258","1118873","1154644","1190327","1226855","1266592","1309366","1354563","1401848","1451106","1502316","1555318","1609930","1665434","1722395","1781506","1842444","1905553","1970556","2037107","2105521","2175937","2248226","2322175","2397449","2473689","2550560","2627698","2705009","2782822","2861581","2940839","3019507","3097052","3173533","3248438","3320618","3393004","3467016","3540846","3614178",
"Heavily indebted poor countries (HIPC)","HPC","Population ages 15-64, male","SP.POP.1564.MA.IN","43447126","44391419","45369682","46369433","47396925","48465521","49570968","50731238","51953561","53230185","54548789","55880039","57196691","58589457","60085217","61614156","63148341","64656018","66342948","68106253","69596144","70980895","72666656","74657635","76703611","78790791","80946331","83220139","85576041","87977976","90357823","92843339","95721757","98862509","102098984","105306160","108239734","111113829","114347915","117798442","121227040","124763826","128641194","132726926","136822776","141045937","145398239","149772936","154439973","159376343","164399260","169693731","175215280","180961580","187036012","193329195","200003275","207070716","214135210","221135043","228357474","235731820","243108965","250721462","258614213","266796010",
"Croatia","HRV","Population ages 15-64, male","SP.POP.1564.MA.IN","1270463","1281687","1294672","1309707","1325556","1342218","1359900","1377563","1395668","1414127","1430855","1444103","1453679","1461793","1469688","1477826","1486903","1495834","1503882","1509916","1515907","1527502","1544060","1560010","1571710","1580180","1588741","1598115","1606848","1614495","1621164","1591902","1552081","1558733","1574432","1561200","1536448","1525276","1520307","1509464","1489789","1429541","1427816","1427395","1428505","1430395","1432028","1433197","1433775","1434277","1434176","1430551","1422394","1411499","1396673","1373626","1351233","1320442","1293050","1270979","1252085","1234446","1221948","1220752","1220581","1220832",
"Haiti","HTI","Population ages 15-64, male","SP.POP.1564.MA.IN","1046295","1064712","1082664","1100364","1118167","1136665","1156119","1176304","1197311","1219106","1241794","1265414","1289653","1314383","1339666","1365399","1391553","1418194","1445512","1473724","1502705","1532383","1562892","1594189","1626227","1659058","1692914","1728091","1764672","1802670","1842118","1882687","1924544","1967909","2012467","2058339","2105762","2154774","2205274","2257350","2311278","2367017","2424480","2483813","2544559","2607087","2671063","2735112","2798872","2862400","2915597","2968322","3031294","3094235","3156795","3219256","3280453","3339733","3398039","3455938","3512864","3567874","3622861","3679602","3737976","3797390",
"Hungary","HUN","Population ages 15-64, male","SP.POP.1564.MA.IN","3148844","3166019","3186226","3209739","3233641","3257393","3280853","3302668","3328623","3367026","3406201","3433281","3448389","3454420","3454530","3450374","3443849","3432929","3419885","3406159","3399807","3407300","3422047","3439615","3447148","3441672","3431995","3422907","3416845","3389357","3374649","3393388","3407721","3416781","3421564","3422557","3422636","3422665","3419324","3414664","3413843","3417459","3417126","3414084","3413943","3414156","3415022","3413092","3407811","3401697","3394985","3384545","3360273","3333069","3304924","3278759","3252087","3229388","3212968","3194313","3168571","3144133","3130090","3122054","3111596","3094012",
"IBRD only","IBD","Population ages 15-64, male","SP.POP.1564.MA.IN","535089302","540716505","549097748","558937425","569475262","581763463","595505065","610579154","626147039","641812512","658623942","675760156","693240150","710885108","727275371","743173486","759024237","777147005","799305269","821947103","843819076","866198573","888620166","911653500","935570156","959335787","982923556","1006082931","1029087070","1051362779","1072361523","1092946832","1113097234","1133203374","1153340451","1173897018","1195637030","1218926087","1243156486","1267236531","1291305498","1315733338","1340447869","1365070533","1389975044","1415107315","1438751327","1460001318","1480706359","1501046281","1520975383","1540408205","1559268661","1577526661","1594558010","1610158839","1624859475","1638553123","1651492095","1663916912","1675527393","1686721301","1696962932","1707961740","1721793174","1736335029",
"IDA & IBRD total","IBT","Population ages 15-64, male","SP.POP.1564.MA.IN","644501109","652539374","663393545","675707148","688734789","703632903","720107610","738039128","756605244","775377408","795343538","815379048","835847735","857001055","877105864","896738675","916352548","938326915","964568615","991594685","1018058573","1045082701","1072356977","1100457355","1129410777","1158430309","1187576070","1216520915","1245450229","1273781239","1301020231","1328075811","1354936441","1382035719","1409526879","1437702518","1467066797","1498105299","1530474214","1562882904","1595475271","1628521360","1661792788","1695116820","1728958875","1763220087","1796306684","1827420193","1858072506","1888360644","1918453162","1948224771","1977267388","2005120403","2032109412","2058122968","2083916271","2109267182","2134293365","2159254843","2183911305","2208339965","2231757271","2256261242","2284142318","2313300825",
"IDA total","IDA","Population ages 15-64, male","SP.POP.1564.MA.IN","109411807","111822869","114295797","116769723","119259527","121869440","124602545","127459974","130458205","133564896","136719596","139618892","142607585","146115947","149830493","153565189","157328311","161179910","165263346","169647582","174239497","178884128","183736811","188803855","193840621","199094522","204652514","210437984","216363159","222418460","228658708","235128979","241839207","248832345","256186428","263805500","271429767","279179212","287317728","295646373","304169773","312788022","321344919","330046287","338983831","348112772","357555357","367418875","377366147","387314363","397477779","407816566","417998727","427593742","437551402","447964129","459056796","470714059","482801270","495337931","508383912","521618664","534794339","548299502","562349144","576965796",
"IDA blend","IDB","Population ages 15-64, male","SP.POP.1564.MA.IN","35426079","36207063","37002019","37787738","38554786","39355107","40204336","41086058","42013723","43000288","44048578","45106559","46213715","47429146","48720030","50091385","51513892","52995973","54531488","56193882","58282875","60489786","62449513","64242466","65964534","67849716","69900722","72028823","74230112","76500474","78940442","81442659","83696735","85970638","88447682","91086031","93935095","96900721","99986841","103090784","106330186","109708545","112895570","116116597","119597808","123142014","126735064","130589029","134569606","138554338","142547755","146397639","150009874","153451833","156914511","160394021","163933619","167713325","171722142","175845243","180212062","184771365","189246781","193637937","198306256","203334620",
"Indonesia","IDN","Population ages 15-64, male","SP.POP.1564.MA.IN","25365583","25903131","26439969","26977195","27517317","27923473","28302571","28834094","29461922","30173398","30943529","31762386","32623524","33525132","34468440","35454116","36478722","37542361","38648501","39798419","40995943","42242473","43531130","44853567","46208281","47587456","48976767","50371940","51779992","53189486","54599866","56022156","57452405","58905600","60383650","61870221","63358590","64852547","66344443","67812798","69226388","70567423","71869464","73169709","74451831","75715706","76991474","78262279","79523187","80794073","82077610","83377396","84693852","85996573","87256870","88461180","89612032","90722960","91791367","92829223","93828553","94757526","95720035","96723170","97681606","98621715",
"IDA only","IDX","Population ages 15-64, male","SP.POP.1564.MA.IN","73985728","75615806","77293778","78981985","80704741","82514333","84398209","86373916","88444482","90564608","92671018","94512333","96393870","98686801","101110463","103473804","105814419","108183937","110731858","113453700","115956622","118394342","121287298","124561389","127876087","131244806","134751792","138409161","142133047","145917986","149718266","153686320","158142472","162861707","167738746","172719469","177494672","182278491","187330887","192555589","197839587","203079477","208449349","213929690","219386023","224970758","230820293","236829846","242796541","248760025","254930024","261418927","267988853","274141909","280636891","287570108","295123177","303000734","311079128","319492688","328171850","336847299","345547558","354661565","364042888","373631176",
"Isle of Man","IMN","Population ages 15-64, male","SP.POP.1564.MA.IN","14073","13898","14028","14214","14360","14487","14697","15031","15388","15713","16026","16304","16517","16700","16885","17089","17336","17639","17985","18353","18744","19040","19198","19337","19437","19508","19756","20227","20739","21223","21692","22058","22273","22441","22635","22849","23140","23529","23919","24299","24691","25039","25331","25621","25917","26235","26577","26913","27230","27492","27719","27706","27384","27042","26755","26474","26312","26312","26345","26383","26437","26477","26472","26437","26382","26301",
"India","IND","Population ages 15-64, male","SP.POP.1564.MA.IN","126524087","128838741","131111791","133375767","135998884","138916745","141849580","145015484","148262798","151464335","155164136","158933124","162703720","166736849","171003135","175655122","180423800","185370290","190290357","195367911","200647867","205781222","210959923","216298821","221748445","227247001","232839749","238563156","244480728","250636112","256987537","263450966","270033512","276748547","283548404","290587345","297934332","305457748","313147229","321000227","328969862","337083397","345152566","353133351","361284834","369397181","377522006","385664095","393658536","401824712","410231584","418644475","426997208","435329609","443434941","451259170","459164278","467043895","474541800","481642958","488513474","494806597","500684854","506719577","512863092","518986466",
"Not classified","INX","Population ages 15-64, male","SP.POP.1564.MA.IN","","","","","","","","","","","","","","","","","","","","","","","","","","","","","","","","","","","","","","","","","","","","","","","","","","","","","","","","","","","","","","","","","","",
"Ireland","IRL","Population ages 15-64, male","SP.POP.1564.MA.IN","825258","821836","827357","834015","837920","839204","841785","847068","852163","857719","864209","874241","889418","906202","923095","940028","956239","971585","988553","1004865","1018351","1031881","1043741","1053831","1063744","1069932","1075070","1078513","1075826","1075625","1085227","1101847","1119477","1135177","1149868","1167457","1188735","1211465","1233850","1256479","1281766","1310260","1338272","1363812","1394298","1434753","1485188","1531190","1551758","1548770","1537537","1526601","1518932","1516710","1518975","1527799","1545172","1564727","1586945","1612215","1632366","1655639","1690439","1724562","1755654","1789304",
"Iran, Islamic Rep.","IRN","Population ages 15-64, male","SP.POP.1564.MA.IN","5741393","5866440","6009719","6170102","6365486","6593067","6824236","7052353","7281893","7521342","7778476","8049394","8335182","8640752","8961880","9302013","9631083","9954297","10295510","10645200","11010121","11772747","12563614","12990680","13401413","13817916","14258271","14693418","15084563","15460448","15906536","16379820","16753631","16801031","16926247","17413535","17977338","18653527","19440155","20271823","21134435","22018687","22682846","23412332","24425646","25437341","26395048","27097887","27561802","27966219","28318575","28628113","28930473","29230458","29489651","29709229","29946525","30201366","30433731","30658473","30849884","31115307","31526598","31942684","32309726","32641937",
"Iraq","IRQ","Population ages 15-64, male","SP.POP.1564.MA.IN","1946420","1986330","2025993","2068596","2114554","2162563","2215173","2275929","2343714","2413947","2481247","2545556","2602081","2651425","2705137","2763103","2831298","2925449","3038906","3153488","3265754","3368381","3465283","3573570","3693935","3794096","3901755","4025501","4133134","4262016","4338850","4408562","4567820","4821436","5085509","5288183","5490059","5692997","5905198","6130921","6368117","6604245","6852836","7098709","7338905","7598666","7693246","7668772","7867816","8213285","8531110","8875250","9321114","9808752","10204616","10541288","10855154","11163377","11503048","11853230","12211815","12590908","12998701","13420571","13836845","14268351",
"Iceland","ISL","Population ages 15-64, male","SP.POP.1564.MA.IN","50739","51647","52597","53530","54566","55727","56889","58081","59261","60205","60925","61848","63251","64676","66073","67500","68600","69536","70580","71669","72750","73931","75208","76378","77343","78112","78812","79940","81567","82749","83353","84313","85207","85812","86529","87080","87684","88635","89899","91249","92632","93969","94917","95839","97206","99997","104507","108883","110926","109825","108258","107899","107929","108598","109598","110749","112954","117111","121757","125229","127073","128584","131708","132995","133307","135289",
"Israel","ISR","Population ages 15-64, male","SP.POP.1564.MA.IN","633004","654749","685147","708568","736031","761822","781513","816403","834297","857019","886611","915682","938536","973627","997663","1014784","1031354","1048733","1066555","1091299","1116918","1140771","1164280","1188192","1206668","1229884","1251535","1275491","1300571","1327809","1375970","1468524","1526776","1572671","1617766","1664317","1713640","1765642","1815228","1871105","1929252","1980951","2023800","2061090","2098485","2137397","2177454","2218719","2260721","2314508","2351387","2385657","2417959","2452706","2491534","2532263","2573089","2615734","2662078","2711441","2759141","2806279","2866425","2960053","3011892","3056417",
"Italy","ITA","Population ages 15-64, male","SP.POP.1564.MA.IN","15884224","15975192","16121798","16290338","16441011","16564127","16662376","16736027","16792150","16836338","16875263","16912382","16971670","17055911","17144374","17245316","17353729","17462697","17576996","17711331","17916986","18145417","18347360","18562025","18764656","18898149","18994022","19087675","19170725","19253230","19329386","19451106","19528542","19514518","19405811","19366416","19404681","19356754","19300693","19233689","19168190","19109818","19071630","19113956","19204404","19244087","19240622","19302133","19413893","19472060","19493978","19485428","19458551","19424755","19353853","19275483","19229135","19205313","19175843","19111066","19002381","18896497","18857492","18847510","18808234","18744858",
"Jamaica","JAM","Population ages 15-64, male","SP.POP.1564.MA.IN","414863","416746","418628","420287","421142","421910","423279","424739","426712","430048","435371","442637","451754","462548","473993","485709","497545","509082","520752","533240","546599","560703","575489","590067","603613","615958","626947","636748","646327","655994","665725","675963","686310","696682","707486","718750","730474","742714","755553","768922","782440","795764","808879","821821","834396","846791","859470","872524","885632","898655","911787","925099","938440","951365","963721","974687","984024","992671","1000685","1007822","1016139","1023979","1028467","1031028","1032781","1033626",
"Jordan","JOR","Population ages 15-64, male","SP.POP.1564.MA.IN","216634","225614","234157","242993","253405","266906","284196","304894","327617","350270","371013","389152","405189","420220","435108","450232","465850","482559","500761","520853","543754","569792","598931","630941","665265","701771","740580","781787","825711","873300","997149","1138712","1227216","1318153","1402636","1471855","1522521","1558496","1587967","1617022","1647423","1680327","1716421","1756772","1804786","1857591","1990407","2126604","2189823","2250024","2312124","2383256","2429071","2578056","2859702","3119342","3278229","3360319","3444638","3524832","3601360","3681883","3762550","3844192","3897388","3894160",
"Japan","JPN","Population ages 15-64, male","SP.POP.1564.MA.IN","28984151","29537619","30326748","31168455","31944525","32617745","33247831","33836324","34321876","34805298","35257727","36046600","36477451","36870044","37242340","37614840","37934041","38235998","38540143","38861922","39227153","39513717","39818092","40254502","40670130","41121354","41627927","42153048","42656812","43119384","43480069","43772472","43974574","44120917","44205289","44225102","44189915","44114091","44041890","43920789","43758317","43590968","43420204","43270667","43004827","42631432","42255979","41932488","41587368","41298874","41132945","40750906","40210091","39665338","39192500","38804141","38495020","38247776","38048531","37901960","37702409","37450588","37288474","37139294","36968304","36765822",
"Kazakhstan","KAZ","Population ages 15-64, male","SP.POP.1564.MA.IN","2542317","2594904","2671590","2759682","2856447","2958908","3064258","3172278","3283011","3389693","3492012","3596571","3703718","3810135","3915366","4021654","4133365","4252801","4376474","4362617","4323629","4396741","4467689","4537698","4606392","4674801","4780341","4921686","5059814","5161928","5220080","5264309","5283231","5264383","5189732","5093569","5005758","4907641","4809541","4786462","4846743","4914207","4979350","5043161","5105765","5167414","5229324","5293761","5362477","5433543","5497841","5548391","5587036","5620884","5652880","5684734","5721721","5766464","5834470","5926176","6019131","6084640","6145717","6220199","6289569","6361205",
"Kenya","KEN","Population ages 15-64, male","SP.POP.1564.MA.IN","1782871","1844597","1913067","1988101","2070397","2147993","2218545","2294461","2376723","2464425","2555477","2642603","2729236","2822232","2918469","3016839","3116250","3225859","3348911","3479658","3622625","3773936","3931151","4101069","4280341","4464267","4650781","4840299","5038938","5247357","5464418","5678890","5892297","6111599","6338773","6570566","6803572","7044798","7295625","7569779","7870020","8194774","8529341","8864597","9210479","9555606","9898670","10237476","10579650","10929576","11275511","11618402","11963711","12315099","12668647","13029298","13415928","13819012","14212525","14612745","15036479","15468364","15917360","16389481","16865309","17338382",
"Kyrgyz Republic","KGZ","Population ages 15-64, male","SP.POP.1564.MA.IN","555850","571576","588739","607348","626737","648273","673395","698980","725398","750542","772211","792414","813369","835165","859238","883756","908165","932782","957404","982596","1007967","1033684","1059870","1086798","1110193","1128624","1145606","1160709","1172172","1190689","1211035","1227599","1237636","1226045","1214805","1228824","1255325","1285378","1319913","1354439","1385574","1416294","1447971","1481356","1516904","1551781","1590496","1632813","1678347","1724116","1757545","1780751","1803526","1829384","1855492","1882330","1911998","1945068","1979798","2013676","2046311","2080943","2119634","2160198","2202117","2246666",
"Cambodia","KHM","Population ages 15-64, male","SP.POP.1564.MA.IN","1466448","1496336","1527279","1557347","1587687","1620276","1654002","1688665","1724362","1761447","1744636","1699479","1690453","1691875","1693831","1617084","1478668","1359278","1232733","1205475","1240630","1254800","1295317","1352420","1408712","1456906","1524011","1604380","1667515","1727472","1800259","1865004","1963564","2086375","2208591","2364699","2553187","2765204","2930323","3040912","3157501","3277471","3397365","3516572","3636586","3756911","3881342","4010332","4140340","4263195","4374847","4477928","4569817","4652294","4729311","4802137","4874172","4942553","5007101","5078717","5170156","5268969","5361745","5451936","5536427","5615801",
"Kiribati","KIR","Population ages 15-64, male","SP.POP.1564.MA.IN","11869","12129","12414","12737","13105","13501","13705","13696","13669","13812","14119","14412","14710","15023","15271","15432","15559","15656","15757","16055","16528","16999","17455","17878","18257","18634","19031","19409","19773","20134","20477","20748","20943","21129","21353","21621","21969","22405","22872","23374","23928","24568","25300","26061","26811","27558","28287","28992","29691","30395","31070","31699","32303","32885","33440","33975","34528","35074","35571","36069","36699","37393","38045","38708","39386","40108",
"St. Kitts and Nevis","KNA","Population ages 15-64, male","SP.POP.1564.MA.IN","12249","12153","11955","11701","11403","11069","10701","10305","9896","9477","9320","9517","9787","10036","10263","10458","10620","10746","10838","10908","11007","11154","11285","11369","11413","11423","11417","11394","11348","11284","11205","11258","11538","11907","12278","12648","13013","13363","13704","14041","14377","14685","14937","15163","15375","15571","15747","15883","15979","16063","16137","16263","16402","16481","16546","16585","16580","16524","16422","16302","16166","16032","15944","15897","15836","15705",
"Korea, Rep.","KOR","Population ages 15-64, male","SP.POP.1564.MA.IN","6953534","7111099","7257862","7396048","7536809","7693263","7870401","8072662","8301739","8548107","8824861","9096377","9365604","9653572","9966239","10308757","10666717","11018263","11359063","11680627","11996037","12307821","12608622","12920728","13243524","13562900","13904361","14250551","14578024","14892117","15193872","15470789","15732012","15977519","16225709","16495908","16759526","16996511","17170479","17313884","17446283","17551494","17627923","17704559","17775041","17835049","17966974","18107077","18310446","18471655","18617168","18808456","18939234","19024903","19118024","19188436","19248019","19254600","19263167","19246543","19142411","18974428","18836775","18768940","18656549","18456371",
"Kuwait","KWT","Population ages 15-64, male","SP.POP.1564.MA.IN","120870","134490","149146","164620","181074","198453","214206","228283","243332","258859","273755","288472","304138","320748","338589","358526","388507","428231","469540","510932","550186","586049","620657","656495","688182","718293","746798","771328","797250","824517","625444","502348","609253","635138","650845","668920","695738","727675","761497","796524","832178","867912","903204","937676","971173","1012169","1064984","1121912","1179610","1238371","1298280","1390301","1495975","1578921","1662126","1758716","1863601","1966845","2075671","2133154","2078980","2099244","2286295","2430501","2455644","2442541",
"Latin America & Caribbean (excluding high income)","LAC","Population ages 15-64, male","SP.POP.1564.MA.IN","53630059","54969216","56375092","57857187","59426573","61063579","62755277","64513538","66334568","68216435","70153459","72144288","74200065","76322364","78507894","80753345","83052158","85425220","87880322","90391907","92947018","95541463","98153911","100788628","103453311","106126968","108804240","111502555","114234204","116987101","119829305","122740424","125674931","128620173","131553402","134508333","137485113","140492670","143546778","146607892","149621681","152599122","155551927","158475517","161375940","164255269","167112036","169963957","172799020","175585090","178312658","180998692","183630966","186204498","188690075","191062489","193358380","195533486","197516342","199374019","201159056","202760707","204372721","206116753","207830135","209478105",
"Lao PDR","LAO","Population ages 15-64, male","SP.POP.1564.MA.IN","579287","590589","602821","615078","625984","638248","652702","667494","682729","698356","714412","730966","748011","765384","782737","798514","811245","821593","831466","842949","857762","876471","898659","923409","949928","978139","1007927","1039023","1071229","1104272","1137764","1171439","1205106","1238686","1272128","1305519","1339228","1370688","1400125","1430407","1462501","1496894","1532967","1570058","1607467","1649562","1700936","1756534","1811001","1863621","1913725","1961471","2007419","2052435","2097062","2143068","2190080","2235732","2280235","2324055","2367798","2411473","2455014","2498430","2541510","2584178",
"Lebanon","LBN","Population ages 15-64, male","SP.POP.1564.MA.IN","464340","473425","484218","496398","509670","525410","544124","563155","583032","603996","624458","646000","668853","691982","715112","734566","743148","754811","777257","799769","822909","846554","863092","876775","895873","916566","942313","969614","993216","1015470","1035816","1059846","1088818","1117741","1146659","1177436","1210216","1243579","1277416","1312198","1347170","1381776","1413490","1446412","1484519","1522946","1563576","1607823","1647581","1680944","1705816","1730381","1782250","1958159","2165733","2182376","2079287","1975095","1870660","1766812","1719565","1731726","1748784","1765882","1785513","1810703",
"Liberia","LBR","Population ages 15-64, male","SP.POP.1564.MA.IN","334216","341639","348868","355781","362374","369128","376249","383613","391287","399247","407615","416203","425146","434711","444709","455082","465721","477170","489606","502529","516028","529837","543804","559352","576458","593627","610810","628428","646860","666142","584873","510412","541133","563394","562967","569017","586516","635005","703690","744491","773427","797347","818967","825406","834724","872029","920794","966224","1006488","1039687","1071016","1123337","1171150","1196084","1222133","1250690","1280550","1309654","1340595","1374097","1412365","1454303","1499059","1546247","1593375","1640038",
"Libya","LBY","Population ages 15-64, male","SP.POP.1564.MA.IN","395289","409214","423685","438047","450693","455582","455323","457875","464207","475123","490698","507481","524528","553771","596227","642659","692633","746168","802104","860509","922258","986295","1037664","1076009","1119682","1167447","1213450","1258064","1302663","1348687","1396323","1445410","1496110","1548301","1601076","1653018","1702621","1749221","1792311","1833061","1862102","1879776","1898000","1917336","1937484","1958322","1993764","2043935","2095960","2147642","2197068","2115942","2031403","2077743","2120825","2154457","2188107","2229520","2277682","2324298","2369149","2414114","2459050","2502733","2544191","2585491",
"St. Lucia","LCA","Population ages 15-64, male","SP.POP.1564.MA.IN","20969","20743","20629","20589","20601","20662","20873","21141","21278","21295","21358","21577","21903","22339","22884","23531","24267","25352","26663","27817","28730","29496","30280","31028","31736","32436","33154","33901","35020","36427","37716","38765","39648","40541","41445","42425","43496","44638","45918","47225","48380","49448","50499","51556","52635","53727","54831","55917","56931","57844","58710","59553","60331","61045","61708","62352","62963","63493","63949","64336","64641","64817","64967","65159","65333","65414",
"Latin America & Caribbean","LCN","Population ages 15-64, male","SP.POP.1564.MA.IN","58589778","60029195","61540267","63131900","64809160","66552615","68349969","70212975","72141485","74135472","76193744","78316335","80508572","82772013","85100514","87489406","89932113","92449405","95051669","97710491","100415986","103161879","105925199","108709887","111523541","114345618","117170908","120016656","122894799","125792454","128780623","131836276","134915316","138008614","141091959","144198267","147330841","150494708","153704111","156921820","160089187","163219048","166325090","169403307","172460023","175474787","178482790","181481454","184458657","187380954","190247859","193068749","195826204","198516262","201107604","203580427","205985151","208284379","210409347","212432901","214300260","215957484","217622148","219434222","221218965","222923064",
"Least developed countries: UN classification","LDC","Population ages 15-64, male","SP.POP.1564.MA.IN","67003210","68462961","69968186","71464321","72982308","74575602","76226217","77955299","79776025","81645117","83492413","85064662","86676218","88701072","90844844","92917789","94952521","97005542","99237412","101644502","103830414","105950234","108542505","111534123","114596438","117706319","120910436","124248705","127651908","131104602","134590014","138219704","142279939","146601593","151067420","155607260","159925089","164244810","168882576","173679366","178459286","183188366","188081011","193115744","198123758","203261117","208520894","213772329","219220687","224863172","230667764","236858083","243329455","250028936","256920721","263973395","271325089","278864811","286470746","294281125","302410262","310550774","318689774","327192697","336012992","345118911",
"Low income","LIC","Population ages 15-64, male","SP.POP.1564.MA.IN","35685463","36510025","37359968","38203333","39055505","39931382","40797947","41678607","42614261","43590046","44602797","45628740","46644385","47746957","48939228","50149699","51376013","52591518","53996496","55487953","56692056","57772549","59196926","60894326","62608760","64332760","66060790","67858166","69707227","71601086","73435960","75356137","77633533","80072277","82458853","84864569","87219272","89517201","92049566","94767614","97441325","100250027","103394449","106693111","110022418","113509001","117278735","121221876","125155560","129140597","133298516","137610596","141829160","145753925","149694071","153944498","158724875","163914301","169435447","175256732","181168968","187046444","192983054","199316016","205829854","212435481",
"Liechtenstein","LIE","Population ages 15-64, male","SP.POP.1564.MA.IN","5062","5208","5409","5643","5886","6054","6229","6445","6671","6773","6813","6976","7184","7446","7708","7885","8010","8191","8444","8695","8750","8870","9112","9225","9337","9510","9690","9835","10012","10176","10357","10537","10687","10839","10958","11067","11162","11247","11404","11594","11752","11920","12042","12164","12308","12412","12506","12578","12617","12641","12681","12737","12808","12859","12857","12852","12832","12828","12843","12873","12932","12961","12979","13019","13146","13220",
"Sri Lanka","LKA","Population ages 15-64, male","SP.POP.1564.MA.IN","2846730","2914915","2988705","3065526","3141162","3215804","3292720","3372752","3455255","3539374","3623561","3706333","3789882","3876833","3966221","4056199","4145094","4232829","4320038","4406530","4491243","4568987","4626218","4658074","4674369","4716506","4799846","4884974","4960769","5036724","5082769","5141375","5265520","5405435","5535906","5675812","5827730","5974584","6116568","6258700","6402514","6528576","6607849","6655405","6693544","6723590","6750240","6773742","6792315","6803953","6813185","6825981","6856615","6652379","6698362","6745460","6811413","6883290","6949900","6992463","7031826","7111503","7123195","7079617","7042782","6992652",
"Lower middle income","LMC","Population ages 15-64, male","SP.POP.1564.MA.IN","216050791","220316832","224603301","228896246","233561798","238640323","243860164","249420135","255196980","261049302","267444799","273667990","280041544","287157462","294630249","302498338","310489878","318788367","327169506","335961158","345495273","355109519","364702134","374480164","384372419","394507884","404990035","415764760","426850911","438276970","450774566","463023608","475118889","487470358","500321574","513677807","527412007","541534118","556094203","570898711","585996984","601185748","615989356","630769528","645977571","661200773","676434946","691878501","707221067","722656659","738348418","754124636","769837739","785613570","801270243","816493422","831775944","847062493","861835732","876356024","891281166","906005383","920397649","935115062","950378748","966059956",
"Low & middle income","LMY","Population ages 15-64, male","SP.POP.1564.MA.IN","594070280","601755981","611919590","623381215","635337323","649076176","664544475","681406848","699012206","716863677","735990476","755250066","774917103","795291384","814627175","833524151","852411204","873754124","899452957","926073992","952222420","978832078","1005630854","1033347468","1061893915","1090497026","1119250265","1147818306","1176420903","1204474160","1232121191","1259158740","1286092130","1313175312","1340557757","1368608399","1397910406","1428762740","1460683744","1492605276","1524972062","1557920447","1591187113","1624518988","1658429073","1692800219","1725963611","1757120222","1787718650","1817898542","1847909162","1877682013","1906956569","1935162993","1962601910","1989165079","2015490505","2041336656","2066795511","2092170651","2117457573","2142534269","2166393050","2191264477","2219412224","2248860270",
"Lesotho","LSO","Population ages 15-64, male","SP.POP.1564.MA.IN","147626","152855","158337","164373","171226","177451","182438","191664","205835","221013","237005","253566","270459","287475","304481","321378","335386","345475","354407","363432","372741","382363","392323","402604","413204","424156","434386","442633","449845","457266","465013","473077","481357","489738","498169","506594","514518","521776","528558","534589","539615","543422","546295","548115","548196","546502","547824","553453","559431","565258","571249","577586","584395","591429","598292","605669","614277","624131","634641","644965","655465","666114","676978","688785","701364","714334",
"Late-demographic dividend","LTE","Population ages 15-64, male","SP.POP.1564.MA.IN","308888529","310263702","314266310","319602039","325096370","332113769","340520652","349745684","359250145","368776199","378919209","389198910","399655826","409902191","418513989","426097228","433425295","442735450","455947091","469386341","481669500","493971192","506009590","518663988","531978896","545111217","558031871","570357958","582264110","593216722","602192987","610775821","619561763","627841608","636424729","645404423","654856317","665304622","675753396","685723684","695708380","706095348","717004588","727759712","738369237","749353999","759238345","767483548","775064492","781668801","787211346","792623408","797759750","801794011","805278555","807921051","810153997","811602553","812287067","812822883","812668330","812644663","813440317","814468372","817151300","820235643",
"Lithuania","LTU","Population ages 15-64, male","SP.POP.1564.MA.IN","817148","828721","838944","848869","860519","872429","883928","894568","903321","910736","920745","932340","942068","952869","968122","986958","1005356","1022222","1038215","1051372","1062509","1075261","1089355","1103946","1117965","1131933","1146240","1160298","1169372","1179204","1187496","1188087","1184162","1175223","1164973","1154078","1143115","1133083","1124689","1118486","1113438","1107539","1104043","1100618","1091664","1075585","1059734","1049953","1042497","1031771","1006749","980715","967544","958693","950098","937904","921936","907247","899595","901511","908708","912610","923125","939557","944460","941016",
"Luxembourg","LUX","Population ages 15-64, male","SP.POP.1564.MA.IN","106342","106666","107444","108080","108688","109236","109394","109272","109266","109637","110103","111578","113931","115868","117706","119359","120386","121056","121662","122386","123348","124234","124836","125608","126508","127266","128302","129623","130884","132357","134127","135766","137077","138150","139161","140264","141513","142818","144310","146195","148203","149943","151410","153492","156094","158804","161725","164661","168237","171996","175813","180965","186454","191271","196099","201280","206229","211631","216024","220374","223982","227374","231676","235446","237998","240380",
"Latvia","LVA","Population ages 15-64, male","SP.POP.1564.MA.IN","622431","632841","643949","656729","670476","683079","693033","702254","711260","718678","724077","729756","736182","743685","752875","761129","767948","774809","781046","784570","787027","790866","796461","802511","809006","816671","825520","836397","847165","852383","851338","845556","829017","807921","791770","779520","771780","766953","764897","764957","762747","756717","750792","746396","741228","735794","730750","726234","717877","701983","683266","668252","658119","647810","637435","628133","617646","608115","601691","596470","590705","584746","582888","584084","578347","571658",
"Macao SAR, China","MAC","Population ages 15-64, male","SP.POP.1564.MA.IN","45915","45211","46767","48611","51184","54644","58528","62511","66311","69726","73324","74227","79928","63186","41663","48398","54855","60889","66922","73506","80236","84874","88467","93042","97024","98540","99773","102417","106463","110506","112927","117643","123087","126477","129933","133475","135038","135801","137937","140591","143110","146168","150146","154688","161421","170907","182691","193140","202581","202069","204094","209268","214792","221177","229233","233865","234324","229711","229882","230490","231011","226695","222352","220187","220352","218002",
"St. Martin (French part)","MAF","Population ages 15-64, male","SP.POP.1564.MA.IN","1017","1048","1083","1120","1164","1224","1305","1397","1462","1504","1549","1593","1636","1682","1733","1813","1918","2025","2134","2250","2371","2498","2941","3786","4730","5699","6686","7679","8673","9673","10213","10190","10064","9941","9823","9707","9593","9480","9372","9399","9583","9791","9990","10178","10345","10500","10659","10818","10983","11158","11245","11240","11232","11224","11229","11222","11173","11116","10955","10455","9536","8805","8422","7868","7262","6789",
"Morocco","MAR","Population ages 15-64, male","SP.POP.1564.MA.IN","3011536","3056864","3107512","3160912","3223162","3296023","3373795","3459043","3551639","3651268","3758090","3870221","3983624","4098705","4218891","4345324","4477162","4619833","4773709","4932770","5099413","5271776","5446550","5625414","5806125","5987429","6163215","6332918","6504358","6677261","6852965","7026286","7198223","7372689","7550426","7737714","7931161","8124635","8318283","8510222","8698140","8884813","9072345","9260727","9460097","9677205","9896517","10107304","10310265","10504814","10691967","10872978","11049997","11222530","11385197","11537580","11689204","11834509","11962460","12080153","12201925","12328533","12458643","12595353","12736383","12880040",
"Monaco","MCO","Population ages 15-64, male","SP.POP.1564.MA.IN","6583","6667","6732","6770","6799","6828","6866","6912","6979","7064","7159","7252","7330","7412","7497","7592","7722","7872","8022","8175","8325","8472","8635","8791","8925","9058","9183","9306","9432","9588","9738","9834","9904","9972","10043","10110","10178","10251","10326","10401","10441","10415","10353","10279","10207","10139","10075","10004","9940","9910","9895","9875","9855","9840","9832","9818","9794","9768","9748","9668","9568","9522","9644","9730","9628","9531",
"Moldova","MDA","Population ages 15-64, male","SP.POP.1564.MA.IN","551051","558900","568128","579249","592407","607188","623023","639458","656203","673119","688463","702325","716673","731484","747078","762867","777947","792051","804825","812298","818229","827103","835484","843159","850034","856241","862404","869611","877452","882617","885204","887053","886903","884907","882670","880729","882502","884577","891934","900115","908646","917513","926566","934913","942442","948087","951612","954943","959187","964443","969606","973505","975406","973098","961982","938727","912742","883840","857282","833340","815056","795765","770324","745320","724741","708572",
"Madagascar","MDG","Population ages 15-64, male","SP.POP.1564.MA.IN","1369332","1387492","1407377","1429816","1460532","1499163","1539650","1581344","1624254","1668272","1713478","1759824","1807328","1856444","1907594","1960828","2015909","2072686","2131166","2191548","2254333","2319997","2389098","2461978","2538533","2618897","2703247","2791380","2882923","2977924","3076543","3178676","3284426","3394335","3508289","3625457","3745283","3868251","3994914","4125460","4259890","4395515","4531929","4672996","4822037","4981971","5152444","5330787","5517001","5711829","5915489","6128066","6348713","6575859","6803534","7028858","7255051","7482682","7712106","7944566","8179776","8417199","8659830","8910625","9169729","9434229",
"Maldives","MDV","Population ages 15-64, male","SP.POP.1564.MA.IN","30345","30826","31233","31551","31735","31960","32386","32976","33723","34553","35445","36427","37516","38709","39854","40809","41709","42694","43694","44711","45831","47054","48376","49792","51284","52689","53942","55180","56466","57801","59197","60662","62198","63827","65574","67682","70213","72935","75788","78793","81989","85338","88745","92184","95695","99299","105189","114137","123948","133773","143490","153045","162369","171429","180464","190189","200581","211066","221525","231888","242159","252396","257783","258371","259049","259845",
"Middle East, North Africa, Afghanistan & Pakistan","MEA","Population ages 15-64, male","SP.POP.1564.MA.IN","44554816","45509254","46516008","47541982","48611146","49733246","50908345","52176023","53519442","54961024","56477640","58013652","59605734","61328275","63139338","65041785","67011914","69120520","71394123","73781511","76338857","79183880","82007828","84673702","87341828","90074791","92972899","95959075","98977601","102089937","105787087","109221987","112645055","115939443","119396226","123134071","127119683","131345835","135831631","140506250","145381853","150460898","155410281","160575310","166211544","172024312","178078151","184235537","190091732","195605351","200154629","205264487","210299892","215142277","219477952","224073630","228370541","231980816","235223390","239063162","243729109","247538861","253402155","259386549","265475571","271578617",
"Mexico","MEX","Population ages 15-64, male","SP.POP.1564.MA.IN","9201370","9462739","9748283","10054278","10375064","10701788","11038450","11388277","11747299","12114187","12488256","12870624","13265995","13675944","14101068","14544083","15005949","15488207","15993317","16522862","17075911","17653985","18240640","18818279","19387795","19946874","20499795","21056141","21613964","22167726","22774106","23439298","24094548","24716625","25310525","25887944","26455356","27018639","27576455","28133786","28699190","29280436","29873145","30465194","31065333","31684758","32326260","33003874","33710308","34422919","35127332","35810894","36448565","37051911","37622093","38142330","38634205","39124575","39627551","40125074","40568766","40957489","41379221","41846190","42322260","42797455",
"Marshall Islands","MHL","Population ages 15-64, male","SP.POP.1564.MA.IN","3610","3706","3808","3919","4038","4162","4298","4582","5150","5870","6396","6501","6397","6311","6362","6528","6676","6820","6958","7099","7287","7566","7899","8242","8590","8947","9308","9674","10048","10419","10784","11150","11508","11866","12233","12610","12995","13379","13762","14127","14463","14770","15040","15265","15446","15577","15640","15631","15569","15492","15419","15349","15271","15157","15004","14823","14603","14342","14053","13745","13424","13008","12540","12103","11705","11371",
"Middle income","MIC","Population ages 15-64, male","SP.POP.1564.MA.IN","558384817","565245956","574559622","585177882","596281818","609144794","623746528","639728241","656397945","673273631","691387679","709621326","728272718","747544427","765687947","783374452","801035191","821162606","845456461","870586039","895530364","921059529","946433928","972453142","999285155","1026164266","1053189475","1079960140","1106713676","1132873074","1158685231","1183802603","1208458597","1233103035","1258098904","1283743830","1310691134","1339245539","1368634178","1397837662","1427530737","1457670420","1487792664","1517825877","1548406655","1579291218","1608684876","1635898346","1662563090","1688757945","1714610646","1740071417","1765127409","1789409068","1812907839","1835220581","1856765630","1877422355","1897360064","1916913919","1936288605","1955487825","1973409996","1991948461","2013582370","2036424789",
"North Macedonia","MKD","Population ages 15-64, male","SP.POP.1564.MA.IN","391071","395806","400483","406707","416096","425669","435998","447365","459469","472391","485644","497745","508832","519958","531542","543320","554643","565465","576956","589245","602023","615374","625234","630927","635607","639593","643206","646695","649887","652909","655328","655841","653678","648894","643011","642336","647737","644479","649651","656363","664940","673111","671847","674902","675390","674907","674094","672380","670468","668315","666005","664642","662825","659495","656187","652810","648416","642563","634740","624447","611613","601175","596636","592535","589149","586455",
"Mali","MLI","Population ages 15-64, male","SP.POP.1564.MA.IN","1564810","1583430","1603089","1622423","1640230","1658400","1677051","1695397","1713932","1732553","1751854","1771028","1790644","1811924","1833591","1855089","1875854","1897885","1922238","1947651","1975254","2004503","2035098","2068216","2101085","2130126","2154637","2176531","2200571","2231640","2270686","2313164","2358683","2409427","2465537","2525811","2588655","2657118","2736559","2826218","2922056","3023722","3130269","3239532","3350536","3461273","3572498","3686427","3802069","3918604","4036707","4156531","4258267","4366997","4504298","4648189","4803474","4970121","5143205","5323440","5518131","5725255","5935067","6149947","6373886","6606752",
"Malta","MLT","Population ages 15-64, male","SP.POP.1564.MA.IN","85120","85871","86671","87436","88167","88539","88547","88511","88725","89102","89894","91083","92102","93047","93928","95486","96753","97820","99437","100941","102391","103412","105799","107375","107440","109357","111254","112155","113241","114535","115926","119442","121056","122686","124378","125823","127284","129039","130676","132190","133739","135346","136894","138383","139977","141619","142982","144394","145986","146887","146895","146760","147234","148008","150465","153998","157168","162062","170151","180641","187585","188707","192105","198705","203762","207184",
"Myanmar","MMR","Population ages 15-64, male","SP.POP.1564.MA.IN","6156206","6253016","6353564","6455761","6573986","6713898","6862905","7019134","7182676","7353194","7530644","7712493","7899493","8078590","8248759","8424261","8603767","8792633","8992062","9195751","9405465","9617942","9824683","10050743","10301528","10554447","10807820","11061793","11317696","11572248","11822033","12061998","12294902","12529890","12770584","13015472","13264120","13522433","13791449","14062427","14322125","14562073","14780695","14981016","15173828","15364094","15551692","15739303","15918956","16100843","16299000","16508480","16725605","16943322","17145898","17328253","17504177","17675648","17833420","17977626","18117836","18251937","18379722","18506119","18630689","18752038",
"Middle East, North Africa, Afghanistan & Pakistan (excluding high income)","MNA","Population ages 15-64, male","SP.POP.1564.MA.IN","42784708","43670234","44597140","45549800","46539798","47581567","48682700","49860049","51115916","52447335","53837078","55235457","56682399","58236283","59878773","61608002","63375123","65247147","67270411","69391618","71676868","74263230","76833555","79235274","81646579","84105057","86697688","89352659","92033685","94799384","98342413","101503558","104440913","107338261","110423806","113797832","117370556","121129032","125124653","129286601","133539366","137868436","142011600","146330177","151081142","155938846","160849102","165615214","170090435","174433338","178654723","182618261","186275607","189660331","192930720","196007320","199063553","202369921","206060905","210039082","214177459","218461842","222840325","227393129","232135883","236953643",
"Montenegro","MNE","Population ages 15-64, male","SP.POP.1564.MA.IN","126997","129633","132816","136315","139511","141886","143152","143574","143768","144391","145803","148257","151696","155772","159868","163547","166793","169879","172954","176148","179611","183450","187437","191239","194509","196936","198411","199086","199194","199059","198925","198992","199252","199539","199668","199523","199086","198486","197822","197191","196675","197182","197562","197847","197956","198413","199126","200220","201511","202852","204338","205538","206101","206325","206106","205381","204588","203729","202617","201246","199798","198312","197180","196708","196365","195825",
"Mongolia","MNG","Population ages 15-64, male","SP.POP.1564.MA.IN","273177","277452","281757","285315","288098","290994","294128","297578","301435","306678","313616","321633","330773","341116","352741","365572","379380","393872","408730","423185","437169","451282","465609","480215","495135","510386","525970","541903","558240","573679","570266","592697","598219","602676","614868","630516","646345","662289","679380","698522","719826","742413","766008","789590","811525","832217","852103","871358","890776","910052","926648","941709","957155","971968","986100","998421","1008877","1018097","1026663","1034862","1045140","1057906","1071113","1086220","1103464","1124289",
"Northern Mariana Islands","MNP","Population ages 15-64, male","SP.POP.1564.MA.IN","2067","2123","2180","2236","2298","2368","2445","2498","2487","2427","2544","2921","3370","3792","4085","4278","4468","4651","4826","5005","5541","6582","7786","9010","10232","11449","12650","13840","15030","16228","16950","17026","16943","16874","16813","16987","17918","19379","20839","22305","23091","22943","22549","22153","21749","21349","20959","20575","20197","19814","19563","19474","19391","19256","19070","18851","18606","18348","18095","17850","17643","17334","16878","16412","16019","15711",
"Mozambique","MOZ","Population ages 15-64, male","SP.POP.1564.MA.IN","1793916","1823937","1856218","1889592","1923299","1957169","1992386","2029588","2069179","2111131","2155987","2204481","2253860","2302504","2353059","2406428","2461478","2515633","2568550","2622962","2668247","2715756","2778093","2846076","2910826","2970008","3026765","3041962","3046397","3087189","3145336","3218084","3291273","3411551","3671116","3921814","4075939","4194448","4282413","4367762","4448772","4533123","4621653","4715863","4814881","4919645","5030860","5145237","5262756","5386422","5518832","5671678","5844497","6027848","6223277","6429499","6646632","6878815","7115733","7353019","7605700","7870776","8145215","8438109","8753923","9082238",
"Mauritania","MRT","Population ages 15-64, male","SP.POP.1564.MA.IN","225045","230859","236849","242930","248841","254360","259816","265558","271584","277896","284520","291470","298754","306418","314477","322919","331754","340737","349952","359726","370093","381095","392702","404820","417435","430588","444241","458366","472981","484841","497180","513319","538194","565699","587416","603343","612527","625537","643572","663433","685223","702014","714440","728133","742673","758138","774661","792602","814014","837637","860019","880966","900685","924609","953827","984316","1016264","1049829","1085154","1122328","1161479","1202522","1246595","1293787","1341766","1389965",
"Mauritius","MUS","Population ages 15-64, male","SP.POP.1564.MA.IN","182807","183569","188636","193480","198708","204202","209889","215661","221435","227276","233290","239496","246181","253574","261272","269001","276787","284614","291461","299418","307030","313817","319651","324577","329969","334405","338393","342241","345966","349807","353209","358102","364231","370315","377700","383435","389875","396995","403061","409526","414467","418792","422901","427408","431714","436135","440504","445202","449480","452957","455876","458126","460574","462342","463748","464862","465367","466025","466706","467314","467548","467520","465039","457730","454283","451132",
"Malawi","MWI","Population ages 15-64, male","SP.POP.1564.MA.IN","932211","957633","983360","1007411","1029896","1051720","1073146","1095242","1118027","1141357","1165675","1191932","1220261","1250703","1283610","1318761","1356268","1398360","1445022","1494732","1547361","1602377","1659710","1719831","1782964","1848685","1915005","2009701","2121742","2221153","2308255","2378752","2448037","2484577","2458585","2460138","2515717","2573031","2633260","2691885","2749233","2809629","2871924","2937826","3007676","3081533","3161032","3248205","3347040","3455828","3570009","3688898","3813547","3946630","4088051","4236425","4393785","4559962","4732306","4912502","5101915","5298282","5501290","5711959","5928983","6148571",
"Malaysia","MYS","Population ages 15-64, male","SP.POP.1564.MA.IN","2106633","2136996","2171952","2212605","2258953","2315371","2381327","2449703","2520126","2594133","2673130","2760473","2853857","2949499","3048124","3150098","3255428","3363860","3474688","3586656","3716861","3865608","4015852","4169621","4327932","4490212","4655575","4824471","4998267","5177237","5362246","5550498","5738284","5923349","6107631","6295650","6487214","6681281","6880875","7089271","7312470","7555539","7810917","8073449","8345302","8625168","8908581","9193662","9481881","9772692","10051935","10305572","10547015","10792071","11040660","11290509","11542197","11794197","12045328","12298374","12519763","12711846","12910180","13108169","13297791","13479911",
"North America","NAC","Population ages 15-64, male","SP.POP.1564.MA.IN","58367309","59077855","59993620","60957724","61911711","62818589","63791072","64866412","65962716","67075280","68308812","69840922","71326677","72832542","74348537","75899789","77402594","78868977","80274464","81635860","82813177","83928319","84957328","85910085","86842271","87831581","88828828","89687874","90437012","91201252","92156802","93289720","94452326","95664051","96914954","98236896","99634622","101149773","102668287","104195189","105726286","107128657","108428836","109646542","110964620","112327481","113662359","114783932","115787242","116696323","117587443","118377265","119081801","119717995","120422693","121125276","121876561","122523138","123083711","123552520","123835590","123777142","124294806","125155363","126215100","126500759",
"Namibia","NAM","Population ages 15-64, male","SP.POP.1564.MA.IN","150183","152524","155202","158100","161276","164866","168777","173045","177598","182417","187531","192831","198353","203927","209627","215678","221046","225970","227298","228749","231688","231335","234537","242271","250613","259990","270740","282497","296239","326271","355661","369013","381647","394474","407328","420058","432763","445268","457701","470254","482895","495321","507318","518854","530345","542995","556463","569587","582281","594520","606126","617531","631994","649804","668587","688096","707638","726905","746479","767004","788891","811444","834150","857838","880448","901920",
"New Caledonia","NCL","Population ages 15-64, male","SP.POP.1564.MA.IN","25189","25985","26829","27620","28318","29022","29766","30543","31350","32439","33712","34940","36262","37698","39259","40934","42261","42987","43516","44060","44637","45251","45901","46762","47944","49271","50633","52018","53418","54716","56275","58191","60088","61973","63864","65762","67564","69096","70452","71782","73082","74420","75833","77357","78877","80255","81663","83069","84346","85701","87350","89149","90901","92602","93980","94557","94628","94648","94585","94496","94609","94878","95438","96279","97066","97793",
"Niger","NER","Population ages 15-64, male","SP.POP.1564.MA.IN","792411","817089","841339","868056","898018","929066","961333","994428","1028351","1063174","1098955","1135413","1172811","1211464","1251221","1292319","1334945","1379163","1425014","1472510","1521109","1570412","1620609","1671960","1724729","1779802","1838109","1899209","1962853","2029595","2099278","2171198","2245418","2322730","2403445","2488522","2574994","2659972","2747274","2837160","2929158","3024339","3122118","3222993","3327412","3436187","3550002","3669161","3794357","3926413","4066465","4215607","4379797","4552880","4730249","4919827","5120180","5324809","5534777","5752239","5978832","6216132","6464304","6725249","6995772","7274109",
"Nigeria","NGA","Population ages 15-64, male","SP.POP.1564.MA.IN","12466941","12731288","12995693","13242391","13475174","13720236","13976341","14222843","14468776","14726984","15006784","15302329","15607413","15932693","16283142","16663640","17067726","17503317","17963036","18438485","18946766","19464057","19977626","20421182","20894232","21468196","22039918","22639168","23286627","23980191","24726347","25488230","26281715","27124318","27989064","28865864","29746239","30651326","31598105","32562185","33514546","34468688","35436137","36418710","37429814","38455135","39485693","40550139","41651771","42788296","43979385","45231689","46527386","47861101","49229956","50627973","52111076","53694421","55298632","56917622","58601957","60340284","62125746","63979528","65903851","67891914",
"Nicaragua","NIC","Population ages 15-64, male","SP.POP.1564.MA.IN","438188","449864","462053","475349","490391","506885","524128","541915","560222","579023","598238","617835","636895","656341","677121","698332","719864","741449","761713","778550","797385","820345","843384","865348","885464","905080","925762","947375","971304","999308","1029786","1061900","1095552","1130328","1166144","1202740","1238552","1273074","1306877","1339920","1372279","1403925","1435192","1466544","1498160","1532139","1568191","1604352","1640895","1677501","1714092","1750940","1787840","1824108","1859646","1894881","1929933","1964705","1999559","2035040","2072287","2110553","2150484","2192222","2233635","2274616",
"Netherlands","NLD","Population ages 15-64, male","SP.POP.1564.MA.IN","3471511","3531312","3612316","3683257","3749035","3817829","3885055","3937547","3982888","4039187","4103515","4169009","4225636","4277715","4335501","4405757","4475885","4535387","4596028","4663335","4735449","4800423","4852234","4898043","4949804","5005328","5056786","5106255","5147105","5177401","5209772","5245927","5277976","5306372","5328987","5345646","5361199","5378210","5400105","5425490","5455460","5490888","5521880","5539589","5546581","5549473","5552059","5559006","5574345","5593252","5608822","5606624","5587257","5572529","5570471","5580809","5602800","5626124","5648541","5677614","5699603","5717127","5763732","5815302","5836763","5842559",
"Norway","NOR","Population ages 15-64, male","SP.POP.1564.MA.IN","1130255","1141911","1154695","1165775","1175196","1183193","1190583","1198807","1207556","1215910","1223928","1232653","1242272","1250870","1258904","1266351","1273447","1280638","1287727","1295565","1304410","1314430","1324706","1334634","1345110","1354275","1362976","1374995","1387147","1393682","1397333","1403071","1410125","1417572","1424811","1431364","1437803","1445438","1455379","1467482","1479925","1490595","1501572","1513553","1525907","1540468","1559162","1584011","1611013","1632848","1652346","1674159","1696571","1716052","1733932","1749568","1761356","1770092","1776268","1785131","1792993","1799153","1811636","1832167","1851285","1862858",
"Nepal","NPL","Population ages 15-64, male","SP.POP.1564.MA.IN","2831337","2889058","2950915","3017729","3086448","3156035","3227652","3301327","3376837","3453449","3531784","3609745","3687847","3768601","3850280","3932801","4015530","4104071","4200159","4298800","4402027","4506740","4611972","4722821","4832567","4936430","5036141","5127117","5215749","5318794","5446877","5595670","5768081","5931399","6074822","6208992","6328816","6451062","6575480","6699544","6817760","6933403","7048120","7159408","7264130","7360671","7448933","7530596","7614614","7702604","7793619","7863675","7897583","7914482","7946181","8021246","8082260","8092204","8109296","8306412","8654550","8955560","9067626","9015452","8974970","8966744",
"Naoero","NRU","Population ages 15-64, male","SP.POP.1564.MA.IN","2010","2106","2178","2234","2289","2346","2379","2391","2498","2664","2753","2806","2860","2920","2979","3033","3093","3109","3067","3010","2929","2822","2704","2616","2602","2625","2654","2688","2728","2766","2801","2843","2881","2905","2929","2961","2997","3033","3059","3085","3104","3109","3112","3123","3146","3165","3182","3190","3189","3180","3163","3145","3171","3239","3297","3350","3401","3452","3507","3537","3530","3536","3560","3589","3633","3689",
"New Zealand","NZL","Population ages 15-64, male","SP.POP.1564.MA.IN","703713","717680","737462","753518","770686","785043","800830","815560","821803","829798","844216","860391","879315","901766","926850","950749","964472","973345","979602","981367","988246","996993","1012481","1033701","1049676","1061075","1064143","1076195","1079658","1082572","1089214","1140936","1151641","1162930","1176988","1193925","1212945","1227785","1236033","1239701","1245027","1252848","1278663","1308841","1331436","1347743","1363636","1374062","1382922","1393640","1405164","1410569","1412014","1420132","1448996","1488494","1530508","1568049","1598870","1621481","1651616","1649744","1645463","1682890","1710067","1718808",
"OECD members","OED","Population ages 15-64, male","SP.POP.1564.MA.IN","242921034","246002868","249875162","253881233","257713283","261309409","264783975","268211522","271636972","275338626","279077408","283549632","287856644","292226515","296616775","300945344","305197803","309441270","313730227","318170622","322788285","327465122","332008405","336644909","341044632","345145942","349166970","353123585","356717968","360293174","364189955","368295242","372260199","375976984","379385125","382905149","386522089","389996344","393457223","396909116","400131569","403434674","406769066","410104258","413408149","416594306","419866556","423013655","426242551","429015673","431718486","433585472","435239690","436619814","438183708","440047508","442101219","443912623","445819153","447654378","448477354","448481794","450085695","452498274","454676384","455548026",
"Oman","OMN","Population ages 15-64, male","SP.POP.1564.MA.IN","145747","148054","150325","152039","153257","154719","156545","158574","160816","163284","165974","168907","172058","175463","180954","189186","199349","211484","225118","239771","255062","271305","288825","307213","325950","356496","399969","445718","493616","543362","594625","647143","700705","753467","784517","795786","808199","821551","835528","849793","864329","879236","894402","910372","938285","978113","1018506","1058043","1095804","1131394","1175392","1425852","1798830","1998920","2082767","2181041","2310300","2389393","2383129","2302080","2162513","2081667","2219007","2420570","2553403","2677167",
"Other small states","OSS","Population ages 15-64, male","SP.POP.1564.MA.IN","1466739","1489117","1519481","1551529","1585335","1619007","1651070","1681719","1712807","1745994","1780657","1816343","1853351","1892213","1928986","1965772","2006716","2051340","2096260","2140768","2184320","2227807","2272261","2314520","2357214","2403689","2451601","2500469","2551412","2605580","2662653","2718669","2739951","2753708","2775850","2797047","2837928","2890026","2946840","2976908","3012195","3084529","3156195","3215330","3266823","3320639","3378227","3440556","3505051","3565656","3623032","3675956","3729144","3781098","3834277","3891000","3947897","4010448","4079274","4148566","4210853","4266462","4330608","4377339","4419868","4459986",
"Pakistan","PAK","Population ages 15-64, male","SP.POP.1564.MA.IN","14308409","14640595","14956172","15254122","15526206","15797084","16090449","16407964","16751048","17120997","17518271","17903827","18313002","18785125","19286581","19822723","20399943","21017433","21670888","22425910","23413797","24448590","25335546","26120986","26764331","27442240","28271172","29142507","30019283","30887638","31856212","32856430","33596012","34349007","35272242","36273797","37405420","38589591","39816136","41078005","42494960","43979699","45248190","46536041","48051217","49607342","51165635","52928889","54725876","56413452","58063862","59541289","60775600","61817617","62830845","63827023","64770592","65832511","67098513","68431634","69902231","71478637","72861568","74019809","75339594","76929157",
"Panama","PAN","Population ages 15-64, male","SP.POP.1564.MA.IN","302451","310526","318957","327710","336918","346613","356687","367178","378131","389533","401357","413640","426406","439657","453456","467874","482925","498599","514880","531703","548971","566674","584750","603110","621744","640711","659999","679507","699099","718426","737837","757637","777504","797485","817705","838237","859160","880575","902534","924937","947551","970265","993032","1015804","1038639","1061545","1084324","1106938","1129503","1152025","1174548","1197121","1219788","1242619","1265638","1289018","1312927","1337162","1361322","1385327","1407332","1427226","1448084","1469783","1490798","1511080",
"Peru","PER","Population ages 15-64, male","SP.POP.1564.MA.IN","2672500","2741026","2813259","2889110","2968850","3051860","3137842","3227048","3319628","3415553","3507608","3601061","3702215","3802922","3902862","4005237","4111579","4224905","4347004","4476282","4614074","4759797","4911806","5070052","5231980","5396079","5559951","5724082","5892433","6064245","6239696","6411975","6584298","6762103","6944142","7130170","7318050","7510788","7708912","7904952","8088945","8257922","8411759","8552532","8682316","8799347","8903605","8998495","9083886","9161758","9240139","9324630","9415693","9513606","9623551","9754126","9916030","10102671","10345676","10585132","10757988","10911051","11068325","11231218","11382814","11524405",
"Philippines","PHL","Population ages 15-64, male","SP.POP.1564.MA.IN","6806813","6978353","7167060","7378155","7618606","7871433","8125220","8392406","8675390","8970821","9223256","9456159","9696076","9948620","10209894","10510079","10894614","11313651","11736849","12161262","12578982","13004482","13481544","13988488","14490202","14962990","15391500","15844273","16318174","16760367","17236934","17685741","18157518","18680375","19140141","19616897","20165001","20760763","21474319","22239753","22960930","23644706","24268041","24905564","25553134","26191878","26753266","27338770","27943165","28566625","29353755","30128496","30921101","31706933","32389788","33082971","33795690","34469293","35086004","35669560","36286164","36898974","37467931","38056687","38663457","39264949",
"Palau","PLW","Population ages 15-64, male","SP.POP.1564.MA.IN","2185","2193","2207","2233","2275","2322","2377","2465","2589","2712","2840","2989","3156","3312","3401","3435","3462","3487","3506","3519","3555","3681","3869","4054","4235","4416","4616","4833","5048","5250","5439","5623","5803","5974","6141","6323","6573","6877","7180","7475","7670","7734","7755","7771","7790","7775","7706","7611","7508","7395","7270","7133","6989","6946","6992","7033","7060","7079","7089","7092","7075","7033","6991","6950","6907","6869",
"Papua New Guinea","PNG","Population ages 15-64, male","SP.POP.1564.MA.IN","592076","603489","613686","623710","633015","641873","651437","661453","672010","683524","696106","709884","726739","746755","767948","790215","813546","837898","863037","888722","914738","938092","958689","979254","999912","1020834","1042176","1064215","1086986","1111474","1141478","1179798","1224438","1272001","1321202","1372002","1424225","1477843","1532849","1589329","1647301","1708090","1772144","1838694","1907839","1978765","2050975","2124880","2200736","2278231","2356929","2435063","2512194","2589384","2667051","2745015","2822953","2901234","2979741","3058132","3133943","3206258","3275961","3344727","3414049","3483684",
"Poland","POL","Population ages 15-64, male","SP.POP.1564.MA.IN","8636739","8721238","8862761","9046131","9251024","9430685","9601150","9799513","9999848","10183243","10333870","10477817","10645373","10810731","10963173","11094187","11204320","11296362","11371399","11442126","11528474","11627281","11725238","11822166","11904696","11967968","12028378","12088364","12135529","12189240","12262023","12338967","12418025","12493794","12568965","12641866","12714692","12800837","12904933","13002563","12963976","13058001","13136423","13207623","13269888","13324215","13369785","13407394","13442283","13449187","13439976","13490823","13462510","13390270","13304321","13208725","13103906","12996401","12882574","12764452","12510362","12255418","12143168","12047064","11957318","11873191",
"Pre-demographic dividend","PRE","Population ages 15-64, male","SP.POP.1564.MA.IN","50640158","51723745","52849427","53982942","55132655","56327345","57563462","58842582","60181872","61582719","63031942","64508767","65990338","67565942","69263651","71026291","72813539","74681019","76799830","79035296","81112561","82916104","84880327","87162309","89549803","92053542","94612522","97264804","99950631","102738115","105535510","108338746","111620811","115351616","119692973","123962772","127348904","130712448","134627467","138818589","143024005","147364859","152023109","156859432","161722437","166741251","171707279","176571840","181960653","187772336","193697299","199952115","206500004","213316237","220241295","227266280","234684310","242476829","250501765","258683193","267138666","275772990","284507941","293668000","303187316","313015304",
"Puerto Rico (US)","PRI","Population ages 15-64, male","SP.POP.1564.MA.IN","604019","621496","641819","661321","677613","689907","699101","705491","711055","718925","733333","753460","775948","798596","819222","836912","852535","867187","881927","896724","913825","933074","951185","967859","983764","999333","1014987","1030422","1045150","1059355","1072909","1083735","1093616","1105597","1118870","1132253","1147487","1160514","1169244","1176864","1181558","1184785","1186263","1186670","1186620","1184526","1178768","1170815","1162792","1155125","1151952","1147803","1142699","1136459","1122947","1106624","1087360","1055968","1010476","1013431","1005167","996770","982424","978311","978210","971601",
"Korea, Dem. People's Rep.","PRK","Population ages 15-64, male","SP.POP.1564.MA.IN","2957814","3067075","3175276","3276450","3369779","3465033","3536327","3583184","3645433","3729406","3830390","3937999","4065357","4215762","4357150","4489135","4619413","4751262","4898219","5055286","5217076","5389456","5581567","5782708","5981351","6181460","6378996","6577847","6762855","6921217","7066101","7196813","7314115","7424819","7531006","7623147","7705185","7785361","7858217","7922905","7980885","8033762","8080997","8131756","8188605","8246394","8306551","8368543","8431858","8497224","8563784","8629606","8694496","8760726","8828681","8890024","8962278","9044956","9109183","9148815","9166245","9177862","9177766","9160329","9146388","9135139",
"Portugal","PRT","Population ages 15-64, male","SP.POP.1564.MA.IN","2644915","2668010","2684528","2692231","2690006","2667461","2632883","2604517","2582663","2551441","2528776","2525729","2532757","2546750","2596534","2706029","2790110","2828447","2871222","2918130","2967964","3012501","3047895","3079043","3108419","3132682","3150710","3166403","3180617","3193917","3207922","3223024","3238511","3254742","3273985","3295486","3315989","3336603","3358192","3381283","3408548","3431854","3442947","3445836","3444245","3442379","3443733","3446773","3444113","3436035","3425235","3404286","3372342","3334206","3296997","3269509","3246842","3225268","3206325","3195146","3189825","3204577","3219085","3249752","3270703","3288427",
"Paraguay","PRY","Population ages 15-64, male","SP.POP.1564.MA.IN","453982","466218","479088","492152","505218","518362","531638","545492","559973","575168","591148","608335","627315","648888","672413","696588","721505","747364","774077","801469","829415","857704","885726","913482","941296","969245","997489","1025937","1054641","1083602","1112753","1142150","1172129","1203099","1235570","1270059","1306862","1345774","1386223","1427526","1468435","1506575","1540727","1574351","1609087","1643271","1676546","1708845","1740487","1772499","1807341","1845188","1883854","1922001","1958936","1994564","2028518","2060479","2090828","2120284","2150163","2178097","2204114","2231584","2260394","2289463",
"West Bank and Gaza","PSE","Population ages 15-64, male","SP.POP.1564.MA.IN","","","","","","","","","","","","","","","","","","","","","","","","","","","","","","","485274","508168","532137","557349","584137","612598","642877","675286","696024","717481","739850","762690","786435","811808","838808","867784","898644","930997","966624","1002001","1036085","1068890","1100757","1132120","1163210","1193470","1223396","1249025","1280797","1314274","1350652","1389602","1430375","1469004","1509444","1556572",
"Pacific island small states","PSS","Population ages 15-64, male","SP.POP.1564.MA.IN","238206","244585","251184","258046","265285","272632","279820","286582","293375","300833","308502","315903","323252","330839","338923","347507","356861","367034","377409","387981","398488","408940","419530","430145","440843","451678","462366","472139","481041","489679","498423","507427","516557","525509","534606","543983","553829","565171","577509","589821","601604","612724","623606","634196","644375","654224","663760","672985","681119","688340","697072","707216","717196","726969","736530","746094","755666","765092","774457","782413","790917","800968","811575","823533","836206","849540",
"Post-demographic dividend","PST","Population ages 15-64, male","SP.POP.1564.MA.IN","229936250","232475365","235790401","239177901","242535144","245665107","248525580","251183558","253823350","256891165","259976106","263719976","267227080","270740783","274270347","277724266","281091611","284451468","287845073","291429696","295077739","298786471","302293974","305759716","308967332","311874841","314715237","317501000","319958070","322330921","324827393","327410004","329798394","331934465","333741078","335709375","337965442","339983802","342035219","344061895","345961145","347709914","349494417","351277330","353109118","354816225","356654114","358584682","360330939","361520968","362629011","362891833","363093367","363005525","363068573","363423254","364015604","364240870","364503361","364819661","364544910","363486801","362997573","363463089","364835296","365193258",
"French Polynesia","PYF","Population ages 15-64, male","SP.POP.1564.MA.IN","23088","23365","23665","24193","24925","25682","26474","27313","28220","29194","30234","31546","33161","34864","36600","38349","40113","41800","43383","45003","46725","48549","50464","52418","54235","55931","57637","59337","60973","62452","63814","65148","66485","67830","69188","70571","72010","73564","75176","76807","78498","80243","82012","83875","85761","87562","89269","90746","91750","92391","92937","93414","93901","94493","95130","95746","96310","96809","97439","98034","98299","98440","98643","98879","99127","99373",
"Qatar","QAT","Population ages 15-64, male","SP.POP.1564.MA.IN","9689","11363","13708","16410","19402","22646","26260","30336","34833","39684","45010","51163","58322","66462","75515","85344","95789","106739","118096","129737","141510","153243","164873","176431","187959","199491","208619","215084","221614","228683","236101","243709","251368","258988","266522","273964","281353","293945","313198","334163","355454","376759","397936","419014","431482","462490","587838","794019","970734","1098808","1096447","1088824","1140363","1263150","1432612","1581677","1677082","1712716","1716066","1718860","1773984","1580393","1679424","1667676","1787660","1855401",
"Romania","ROU","Population ages 15-64, male","SP.POP.1564.MA.IN","5811296","5868028","5925662","5993600","6072691","6158642","6268040","6378827","6434282","6476167","6538989","6600866","6649427","6676359","6690061","6714769","6731583","6733104","6747583","6753839","6763830","6797715","6899082","7064877","7199326","7289411","7356294","7405659","7448528","7493760","7530743","7501201","7469641","7485754","7496036","7499815","7494135","7476959","7451222","7438400","7444075","7364039","7264807","7253312","7251452","7237566","7209383","7107529","6986731","6916491","6861690","6814532","6774181","6742030","6697269","6636129","6566956","6494216","6421513","6355880","6288137","6219049","6188735","6188707","6184076","6176705",
"Russian Federation","RUS","Population ages 15-64, male","SP.POP.1564.MA.IN","32973902","33208840","33716520","34319443","35095311","35979993","36675021","37378488","38041291","38717741","39346316","39929596","40550551","41193234","41839164","42462103","43103400","43682494","44203039","44616198","44926978","45301611","45680646","45910947","46218121","46625731","47037651","47440316","47793803","48092792","48175574","48267841","48256895","48220110","48242243","48297219","48298825","48411181","48753751","49125306","49354938","49481851","49486737","49366957","49192701","49019030","48886543","48873398","48984436","49133637","49260052","49245301","49081007","48877409","48593818","48241366","47920945","47625902","47352017","47084398","46769410","46444763","46115801","45785205","45553700","45311865",
"Rwanda","RWA","Population ages 15-64, male","SP.POP.1564.MA.IN","710770","723565","735626","746490","761467","785809","816687","852131","890427","929599","969084","1008026","1046850","1086666","1127281","1168523","1209749","1249819","1288399","1325996","1363215","1400745","1439282","1479277","1520892","1564172","1609069","1655597","1703920","1753362","1794075","1827933","1869867","1949361","1560219","1188458","1439225","1702804","1823422","1891856","1957515","2018455","2078673","2150279","2229458","2305901","2379913","2453021","2527334","2605162","2687230","2771425","2855571","2940298","3026256","3113673","3203943","3297626","3395876","3499884","3608139","3717706","3829252","3941405","4050258","4161493",
"South Asia","SAS","Population ages 15-64, male","SP.POP.1564.MA.IN","147343334","150161922","152959152","155743363","158873610","162319695","165809149","169554968","173405745","177205476","181503610","185611006","189721069","194423094","199385289","204707848","210151333","215777575","221380022","227136549","233097381","238977793","244987748","251177556","257470696","263840408","270357112","277038136","283933588","291092950","298458341","305994153","313756335","321676390","329700622","338008424","346653088","355497670","364514267","373700791","382974179","392191853","401152626","409947527","418863407","427693021","436478200","445221799","453774160","462485817","471451526","480488619","489558985","498403121","507299903","515955724","524684869","533294811","541428118","549236439","556914916","563987696","570583436","577312955","584196851","591113840",
"Saudi Arabia","SAU","Population ages 15-64, male","SP.POP.1564.MA.IN","674283","696823","719902","742898","767083","793338","820849","850631","883795","920719","962153","1010803","1068433","1133853","1205419","1281872","1364835","1456343","1555977","1662822","1776690","1901135","2037711","2182106","2329160","2476253","2632241","2799982","2964301","3128318","3301107","3480169","3665120","3854935","4051280","4254942","4465097","4681831","4905270","5135732","5468244","5924324","6429050","6978157","7565067","8181479","8818036","9465328","10116073","10765313","10874965","11578807","12257441","13106986","13583211","14447897","15044848","14881769","14216154","14011825","14667791","14301720","15023973","15775689","16507103","17272013",
"Sudan","SDN","Population ages 15-64, male","SP.POP.1564.MA.IN","2117656","2184364","2254678","2327489","2401574","2479403","2561379","2646357","2734780","2826224","2921508","3018943","3119489","3241664","3370637","3501752","3640192","3782755","3963190","4161971","4373470","4586630","4789041","4961997","5069302","5150631","5236516","5329301","5421289","5507617","5591640","5676497","5764435","5876781","6025199","6192049","6341010","6494918","6677754","6863928","7054887","7250070","7445974","7621845","7791367","7974139","8169020","8383740","8628392","8900531","9127154","9303815","9509646","9753681","10077594","10469860","10869802","11360349","11868089","12278844","12653677","13045756","13453417","13678882","13811943","14192729",
"Senegal","SEN","Population ages 15-64, male","SP.POP.1564.MA.IN","876512","902375","930148","958774","988448","1020012","1053711","1089225","1126041","1163695","1202005","1240821","1279915","1318864","1355849","1388382","1415630","1435951","1452434","1470679","1491888","1516627","1544978","1576718","1611748","1651696","1698229","1749810","1804669","1862469","1923056","1986412","2052213","2119751","2187383","2253169","2316435","2377812","2439379","2503232","2569691","2638296","2715570","2794805","2868778","2943972","3020003","3096514","3173922","3251998","3331026","3416719","3510082","3623815","3760049","3902930","4051186","4205723","4367346","4535555","4709880","4889713","5075051","5250982","5416238","5583905",
"Singapore","SGP","Population ages 15-64, male","SP.POP.1564.MA.IN","473364","485823","497917","511160","526511","542630","560435","578196","594768","611700","630373","651841","674268","697561","720217","742022","763063","784299","804440","825174","847757","904512","957507","976576","998198","999756","999723","1019383","1050694","1086539","1131401","1161824","1196842","1231277","1277117","1329896","1406494","1476318","1537036","1543302","1564235","1604793","1611078","1578307","1598451","1648258","1726138","1842682","1987108","2068326","2109731","2158201","2219744","2264026","2292533","2309446","2320069","2291939","2283098","2307766","2288284","2172716","2238318","2345548","2378186","2389760",
"Solomon Islands","SLB","Population ages 15-64, male","SP.POP.1564.MA.IN","37800","38742","39673","40611","41550","42393","43165","43978","44842","45759","46734","47724","48680","49611","50521","51400","52696","54507","56433","58438","60521","62688","64940","67259","69650","72139","74789","77718","80917","84250","87639","91030","94389","97726","101071","104455","107900","111403","114971","118572","121882","124859","127742","130509","133145","135648","138032","140321","142562","145054","149586","156035","162727","169623","176689","183922","191333","198947","206781","213395","219449","226279","233277","240523","247925","255495",
"Sierra Leone","SLE","Population ages 15-64, male","SP.POP.1564.MA.IN","642386","651715","661282","670029","677532","685731","695028","704775","714855","725271","736149","747104","758185","769666","781310","793199","805358","818324","832361","847031","862518","878661","895496","913417","932195","951644","973831","998996","1025170","1050358","1092279","1104524","1082934","1079745","1083022","1083529","1087859","1101489","1111314","1113923","1139079","1209048","1282055","1337239","1386206","1427934","1464266","1501772","1545317","1593485","1643797","1694709","1747288","1802296","1860086","1919556","1982116","2047435","2113585","2179965","2247276","2316037","2385789","2456885","2527808","2597882",
"El Salvador","SLV","Population ages 15-64, male","SP.POP.1564.MA.IN","699374","717649","736403","755127","774618","795299","816308","837331","858459","879842","902952","927767","953713","981586","1010604","1040213","1070284","1101212","1133382","1164057","1183069","1190994","1207100","1233553","1263117","1294719","1326843","1359530","1389773","1416767","1443137","1467905","1491851","1517498","1542603","1565337","1585343","1602303","1615956","1626153","1633025","1637264","1639899","1641303","1641317","1639952","1637295","1646360","1669068","1693746","1719605","1746236","1773599","1801198","1827618","1851165","1871765","1888864","1901465","1911201","1924863","1942325","1961240","1981855","2002060","2022223",
"San Marino","SMR","Population ages 15-64, male","SP.POP.1564.MA.IN","5114","5245","5390","5551","5719","5852","5914","5940","5968","6001","6036","6103","6212","6280","6296","6304","6338","6668","7036","7167","7306","7460","7588","7691","7755","7809","7855","7835","7885","8013","8134","8250","8370","8488","8586","8672","8756","8842","8918","8998","9079","9153","9227","9300","9796","9882","9957","10252","10355","10773","10812","10626","10926","10766","10614","10674","10731","10978","11222","11279","11335","11202","11064","11079","11060","11051",
"Somalia, Fed. Rep.","SOM","Population ages 15-64, male","SP.POP.1564.MA.IN","748729","764289","781126","798892","818027","840322","864767","889647","915061","940940","967436","994231","1021493","1049690","1078191","1106774","1135684","1166301","1250694","1412795","1535913","1544014","1544769","1589836","1643324","1705079","1770296","1827563","1816768","1769650","1746667","1680153","1617016","1669734","1751558","1811906","1875465","1939701","2019227","2100127","2183640","2270393","2354648","2439733","2524841","2601141","2663115","2733048","2815284","2895492","2978630","3026227","3080321","3190002","3312145","3432605","3570977","3719683","3863330","4016236","4179891","4343720","4488557","4639747","4809443","4973602",
"Serbia","SRB","Population ages 15-64, male","SP.POP.1564.MA.IN","2109786","2125634","2144679","2165501","2187791","2211624","2239345","2264052","2290552","2341654","2367061","2390143","2406839","2418826","2433874","2449475","2467998","2484986","2502537","2521206","2586203","2605546","2624501","2641828","2655324","2663015","2666464","2667258","2668034","2666736","2663873","2555654","2549392","2542873","2535502","2527193","2515265","2498377","2480397","2464851","2451847","2443909","2441304","2436229","2433566","2430450","2426515","2423572","2421286","2419762","2417857","2404499","2389088","2365990","2339697","2310819","2282492","2254429","2224170","2193974","2162585","2130282","2070098","2049810","2029462","2009258",
"Sub-Saharan Africa (excluding high income)","SSA","Population ages 15-64, male","SP.POP.1564.MA.IN","60736367","62072849","63453580","64849616","66274115","67747134","69254725","70818480","72459204","74175301","75960698","77803065","79687127","81700063","83856131","86081209","88333984","90607019","93092294","95746472","98472730","101381195","104472621","107593753","110721418","114023515","117463730","121028915","124678011","128402727","132234595","136085880","139858331","144138008","148227926","151898844","155583033","159491632","164225342","169215407","174287461","179510903","184912190","190488902","196220756","202057865","207990863","214116823","220541525","227171056","234039793","241213572","248596284","256290423","264206951","272471247","280885549","289618788","298929356","308385456","318135340","328132462","338233420","348624973","359273644","370191893",
"South Sudan","SSD","Population ages 15-64, male","SP.POP.1564.MA.IN","795859","805986","816386","824895","834536","844125","847575","848544","850607","852685","854745","862955","877219","896136","919653","943877","968605","993531","1018512","1043711","1069021","1094498","1120585","1144474","1163576","1181240","1200467","1204748","1192871","1178615","1181623","1204454","1217560","1220613","1245771","1282870","1310613","1346024","1378029","1422970","1493464","1564741","1633706","1707027","1798292","1908142","2030042","2162371","2300125","2434925","2601844","2782591","2926583","3044205","3027367","2952809","2834426","2605614","2570424","2716111","2847477","2932570","3014399","3195340","3375504","3497586",
"Sub-Saharan Africa","SSF","Population ages 15-64, male","SP.POP.1564.MA.IN","60747851","62084602","63465578","64861838","66286554","67759789","69267597","70831579","72472549","74188924","75974638","77817365","79701953","81715341","83871934","86097638","88351006","90624665","93110314","95764894","98491524","101400388","104492070","107613292","110741161","114043482","117483862","121049980","124699300","128424351","132256535","136108306","139881034","144161360","148252033","151923339","155607896","159516875","164251330","169242254","174314885","179538683","184941173","190517912","196250032","202087655","208021663","214148152","220573930","227203947","234073970","241247212","248630605","256325708","264243098","272508518","280923604","289657557","298968709","308425323","318175660","328173160","338282603","348674143","359323387","370242034",
"Small states","SST","Population ages 15-64, male","SP.POP.1564.MA.IN","2360388","2402302","2450912","2501780","2554851","2607883","2659863","2711001","2763615","2820186","2880374","2942464","3004246","3066712","3127826","3190202","3258091","3331061","3404685","3476938","3547127","3616754","3686716","3753501","3819911","3890190","3961892","4032828","4104878","4179610","4256427","4333549","4378145","4415462","4461672","4509264","4578601","4661082","4749683","4811599","4877929","4980823","5083020","5171924","5251200","5310125","5391608","5477821","5564326","5643577","5722861","5799694","5874717","5947369","6020369","6095992","6171217","6250569","6349466","6440174","6509366","6580760","6662069","6727929","6788039","6845151",
"Sao Tome and Principe","STP","Population ages 15-64, male","SP.POP.1564.MA.IN","25672","25202","24191","23284","22479","21768","21146","20621","20178","19804","19827","20253","20713","21171","21660","22196","22794","23458","24168","24865","25495","26037","26499","26952","27485","27966","28406","28978","29644","30330","31011","31591","32090","32627","33195","33792","34426","35098","35818","36580","37365","38236","39352","40617","41856","43092","44326","45536","46732","47931","49139","50350","51460","52475","53512","54589","55712","56880","58095","59386","61019","62863","64635","66407","68153","69832",
"Suriname","SUR","Population ages 15-64, male","SP.POP.1564.MA.IN","66743","68599","70490","72461","74533","76621","78830","81276","84082","87307","90941","94919","97696","98953","99915","100657","101252","101731","102064","102181","103196","105202","107148","109064","111082","113314","115548","117402","119352","121469","122942","123943","124916","125577","126561","129335","133374","137656","142162","146760","151291","155648","159777","163639","166436","168356","170321","172338","174466","176737","179166","181753","184480","187303","190150","192966","195659","198169","200551","203121","205693","207862","209836","211737","213580","215372",
"Slovak Republic","SVK","Population ages 15-64, male","SP.POP.1564.MA.IN","1237959","1273820","1288742","1304268","1319233","1334878","1352938","1372062","1391149","1410021","1423058","1436512","1455471","1472588","1486659","1499935","1513949","1526633","1538848","1551709","1565498","1581811","1599227","1615511","1626834","1634634","1642066","1649687","1659621","1672497","1687787","1697831","1708132","1725457","1744510","1762965","1779831","1796440","1813102","1829868","1843004","1856650","1872628","1886524","1899506","1910988","1921267","1930490","1938667","1943703","1944778","1945098","1943506","1938156","1930928","1921998","1910623","1897163","1883128","1869744","1857255","1841325","1824499","1812062","1801962","1791328",
"Slovenia","SVN","Population ages 15-64, male","SP.POP.1564.MA.IN","477748","481074","485561","491674","498603","506589","515806","524844","533097","539663","546463","552864","557920","562527","565307","570673","579389","587073","594302","601633","609876","616412","624249","634232","641727","647588","660374","673120","676616","678803","682212","686094","687984","688406","690083","693494","697358","700070","699373","702188","707771","710146","712053","713997","715105","716276","719063","725597","726868","731576","733254","730750","727286","723117","718276","712406","706939","701962","701204","705717","709398","707683","704854","704514","704515","704086",
"Sweden","SWE","Population ages 15-64, male","SP.POP.1564.MA.IN","2469366","2493792","2518212","2539424","2561786","2586800","2608649","2621005","2628242","2642774","2664947","2676511","2672120","2663737","2659654","2659984","2662507","2667310","2673495","2682960","2695202","2705842","2714474","2721256","2726909","2729311","2731521","2740051","2753190","2772620","2792410","2805336","2814929","2825074","2840899","2854943","2861801","2867764","2875169","2884862","2898338","2915674","2934448","2954321","2973972","2995421","3023577","3053200","3075437","3091920","3103234","3106882","3107259","3110851","3122647","3141605","3173655","3212712","3245391","3275366","3296864","3314075","3338528","3358003","3372276","3388124",
"Eswatini","SWZ","Population ages 15-64, male","SP.POP.1564.MA.IN","82022","83139","84314","85579","87266","89551","92121","94708","97238","99723","102171","104605","107040","109508","112041","114650","117439","120702","124393","128256","132248","136347","140612","145145","149956","155888","163071","170918","182095","194280","205090","216644","228170","236742","233489","231214","239117","246769","254019","261049","267427","272775","276989","280123","282540","284525","286129","289068","294226","299965","305380","310410","315086","319714","324746","330139","335348","340677","346477","352510","359118","365772","371070","375487","380714","386928",
"Sint Maarten (Dutch part)","SXM","Population ages 15-64, male","SP.POP.1564.MA.IN","658","738","835","942","1051","1165","1292","1428","1569","1712","1855","1999","2154","2336","2531","2734","2942","3148","3352","3552","3752","4050","4551","5180","5839","6514","7204","7900","8596","9297","10004","10716","11234","11360","11280","11186","11088","10988","10891","10789","10683","10645","10737","10884","11026","11162","11265","11343","11421","11511","11593","11762","12054","12349","12619","12870","13082","13267","13444","13614","13781","13953","14148","14370","14575","14741",
"Seychelles","SYC","Population ages 15-64, male","SP.POP.1564.MA.IN","11484","11753","11998","12222","12439","12655","12872","13099","13345","13623","13940","14300","14826","15278","15803","16429","17022","17646","18020","18422","18794","19193","19449","19539","19743","19967","20132","21065","21289","21624","21940","22426","22703","23352","24107","24495","24863","25243","25988","26847","27424","27780","28983","29010","29276","29790","30800","31329","32405","32891","34177","33640","34321","35285","36147","37271","38055","38769","39353","39867","40320","40698","49183","49170","49743","50141",
"Syrian Arab Republic","SYR","Population ages 15-64, male","SP.POP.1564.MA.IN","1195275","1226030","1258682","1296579","1333777","1368922","1406776","1447080","1489878","1535361","1583695","1637050","1694602","1751986","1810212","1870587","1932819","1997876","2065629","2135707","2207992","2283261","2363159","2450394","2545542","2645945","2749019","2855274","2965872","3080690","3200615","3324802","3455135","3590761","3727569","3863309","3997990","4134416","4276260","4423925","4575469","4731684","4892434","5056912","5234677","5425455","5763165","6273449","6551052","6645414","6815925","6938770","6835068","6313831","5695476","5351513","5300025","5375111","5596923","6003137","6366722","6673395","7091865","7642770","8140998","8547726",
"Turks and Caicos Islands","TCA","Population ages 15-64, male","SP.POP.1564.MA.IN","1142","1161","1179","1199","1218","1230","1233","1239","1239","1232","1233","1278","1355","1429","1504","1576","1648","1731","1814","1897","2018","2194","2398","2603","2812","3024","3232","3434","3635","3833","4044","4283","4540","4806","5074","5330","5583","5837","6095","6359","6628","6931","7330","7795","8260","8719","9163","9591","10012","10438","10867","11304","11840","12486","13075","13714","14398","15016","15638","16233","16670","16955","17140","17216","17256","17257",
"Chad","TCD","Population ages 15-64, male","SP.POP.1564.MA.IN","824246","838233","852194","866216","881496","897971","913871","929102","944438","960148","976368","992833","1009834","1027938","1045848","1061782","1074910","1085914","1096665","1113608","1093671","1074274","1148759","1227702","1225684","1219149","1259249","1309698","1357884","1407625","1439733","1496382","1570501","1589689","1608904","1694328","1779199","1831309","1889418","1956652","2022889","2086500","2159375","2259422","2383750","2493638","2586984","2678343","2779480","2886932","2990018","3103805","3223419","3351631","3485299","3599843","3718369","3854525","4000163","4142967","4291728","4468470","4651454","4932515","5248833","5440853",
"East Asia & Pacific (IDA & IBRD countries)","TEA","Population ages 15-64, male","SP.POP.1564.MA.IN","250974687","251660664","254590408","258649243","262625218","267862799","274631708","282340955","290455391","298597295","307337121","316198450","325198908","333970039","341124037","347254537","353143638","361126786","373037569","385568844","397123692","408580884","419869157","431995867","444839245","457442004","469759332","481508503","492943683","503470666","512573260","521379061","530225719","538786035","547661855","556953804","566755249","577466945","587935576","597709056","607586609","617908742","628866316","639769638","650583370","661778853","671647170","679686751","687025429","693690721","699896041","705862753","711601159","716557352","720745232","724367383","727645035","730148130","731960991","733756634","735410807","737286174","739106918","741310779","745002116","749217009",
"Europe & Central Asia (IDA & IBRD countries)","TEC","Population ages 15-64, male","SP.POP.1564.MA.IN","86961902","87890420","89256191","90842912","92725030","94730780","96586583","98500806","100319555","102155096","103904434","105671099","107570394","109485131","111410309","113309766","115192957","116963582","118656823","120040532","121357515","122898403","124550407","126125298","127685627","129244195","130790942","132329656","133805026","135138496","136099542","136822165","137352888","137765096","138151564","138622317","139198891","139901434","140885992","142005587","142994690","143857057","144597337","145293669","145914956","146488420","147111265","147585632","148500646","149544030","150535965","151372952","151832828","152136970","152274848","152206165","152124390","152010298","151942297","151864912","151443503","150996172","149849081","148678347","148828294","149432079",
"Togo","TGO","Population ages 15-64, male","SP.POP.1564.MA.IN","428763","436085","443716","451735","460020","468904","478473","488266","498339","520734","546997","563916","579057","593182","606939","620557","634197","648211","663081","679638","698855","721195","738591","749963","762403","784919","815151","844339","874766","906230","938766","972279","1006676","948894","931321","1029663","1110462","1156915","1175161","1205885","1244590","1284703","1325779","1368129","1410321","1447462","1477095","1502953","1528603","1554939","1584203","1624516","1674713","1728027","1784974","1845451","1908684","1973674","2028951","2060993","2078381","2093376","2116351","2166362","2237356","2312020",
"Thailand","THA","Population ages 15-64, male","SP.POP.1564.MA.IN","7135929","7309520","7492245","7681630","7881133","8104044","8346742","8600669","8867529","9148746","9449414","9765427","10098301","10451181","10816215","11191123","11572710","11972802","12394947","12827680","13271583","13724278","14190604","14680468","15183739","15686418","16182032","16673331","17163587","17636180","18097871","18543620","18957223","19340160","19698375","20044125","20378296","20700423","21010388","21305083","21597347","21889885","22166022","22426146","22676023","22923633","23176366","23433017","23684254","23922320","24141185","24350262","24549171","24711365","24826673","24906916","24986374","25057835","25086767","25079064","25051759","25002147","24911645","24794108","24672536","24545770",
"Tajikistan","TJK","Population ages 15-64, male","SP.POP.1564.MA.IN","561114","566983","574292","583737","595781","612060","631733","653235","676505","701126","726245","751873","778928","807985","838931","871613","905894","941509","977728","1012622","1045742","1078680","1112810","1148215","1184347","1220369","1256183","1292565","1328302","1358175","1384453","1413943","1429682","1430379","1442860","1469613","1502266","1531008","1554058","1579242","1619032","1673511","1729753","1786364","1842979","1899872","1956165","2010589","2063664","2117913","2174211","2229722","2293967","2369295","2445378","2521439","2597107","2670071","2737429","2799113","2853438","2906423","2961994","3019253","3081748","3149886",
"Turkmenistan","TKM","Population ages 15-64, male","SP.POP.1564.MA.IN","428672","433035","438173","444308","452651","463206","474367","485858","498410","512577","528258","545510","564385","584857","606553","629055","652359","676399","701084","726432","752295","778578","805278","832120","858892","885496","912158","938843","965406","991952","1018076","1043803","1067462","1092100","1117558","1141588","1168731","1200461","1236314","1276194","1319130","1363499","1408579","1453564","1498805","1544653","1591068","1638764","1687934","1738274","1789080","1839162","1887717","1934188","1978376","2020653","2061059","2099547","2136107","2171001","2204762","2238248","2273398","2311712","2352224","2394409",
"Latin America & the Caribbean (IDA & IBRD countries)","TLA","Population ages 15-64, male","SP.POP.1564.MA.IN","55688627","57071532","58525076","60059992","61684579","63378273","65129873","66950771","68836088","70783282","72786657","74845671","76973012","79171167","81435522","83760884","86138491","88587160","91113476","93692248","96311593","98962003","101624040","104310068","107027469","109755163","112487134","115241981","118034947","120855392","123775414","126776736","129811689","132865926","135921136","139009400","142123994","145268629","148458420","151656096","154805392","157919279","161010171","164069705","167104776","170101076","173097928","176093642","179074530","182004792","184877022","187703864","190468961","193169041","195778821","198271328","200698216","203035490","205213142","207246727","209139612","210824523","212525283","214360893","216165231","217898792",
"Timor-Leste","TLS","Population ages 15-64, male","SP.POP.1564.MA.IN","136342","139423","142598","145637","148681","151199","153063","155015","157062","159220","161503","163922","166479","169127","171337","173040","174899","177194","179711","181911","183458","184921","186856","189201","191937","194997","198261","201659","205172","210087","216708","222888","228362","234042","240017","246321","252988","260069","267527","236984","211456","230693","249979","261061","264894","269291","274805","280505","286495","292568","298779","305550","313071","321306","330161","339507","349383","359690","370352","381360","392520","403560","413687","422763","432054","441693",
"Middle East, North Africa, Afghanistan & Pakistan (IDA & IBRD)","TMN","Population ages 15-64, male","SP.POP.1564.MA.IN","42784708","43670234","44597140","45549800","46539798","47581567","48682700","49860049","51115916","52447335","53837078","55235457","56682399","58236283","59878773","61608002","63375123","65247147","67270411","69391618","71676868","74263230","76833555","79235274","81646579","84105057","86697688","89352659","92033685","94799384","97857139","100995390","103908776","106780912","109839669","113185234","116727679","120453746","124428629","128569120","132799516","137105746","141225165","145518369","150242334","155071062","159950458","164684217","169123811","173431337","177618638","181549371","185174850","188528211","191767510","194813850","197840157","201120896","204780108","208724808","212826807","217072240","221409950","225924125","230626439","235397071",
"Tonga","TON","Population ages 15-64, male","SP.POP.1564.MA.IN","17307","17811","18300","18778","19280","19805","20354","20771","21056","21367","21696","22039","22397","22780","23201","23672","24187","24620","24923","25169","25366","25531","25679","25817","25935","26011","26041","26228","26555","26800","26977","27099","27181","27248","27318","27389","27467","27718","28108","28449","28738","28969","29147","29282","29388","29485","29591","29720","29838","29920","29984","29980","29906","29814","29698","29585","29431","29276","29146","28968","28762","28415","27907","27399","27195","27314",
"South Asia (IDA & IBRD)","TSA","Population ages 15-64, male","SP.POP.1564.MA.IN","147343334","150161922","152959152","155743363","158873610","162319695","165809149","169554968","173405745","177205476","181503610","185611006","189721069","194423094","199385289","204707848","210151333","215777575","221380022","227136549","233097381","238977793","244987748","251177556","257470696","263840408","270357112","277038136","283933588","291092950","298458341","305994153","313756335","321676390","329700622","338008424","346653088","355497670","364514267","373700791","382974179","392191853","401152626","409947527","418863407","427693021","436478200","445221799","453774160","462485817","471451526","480488619","489558985","498403121","507299903","515955724","524684869","533294811","541428118","549236439","556914916","563987696","570583436","577312955","584196851","591113840",
"Sub-Saharan Africa (IDA & IBRD countries)","TSS","Population ages 15-64, male","SP.POP.1564.MA.IN","60747851","62084602","63465578","64861838","66286554","67759789","69267597","70831579","72472549","74188924","75974638","77817365","79701953","81715341","83871934","86097638","88351006","90624665","93110314","95764894","98491524","101400388","104492070","107613292","110741161","114043482","117483862","121049980","124699300","128424351","132256535","136108306","139881034","144161360","148252033","151923339","155607896","159516875","164251330","169242254","174314885","179538683","184941173","190517912","196250032","202087655","208021663","214148152","220573930","227203947","234073970","241247212","248630605","256325708","264243098","272508518","280923604","289657557","298968709","308425323","318175660","328173160","338282603","348674143","359323387","370242034",
"Trinidad and Tobago","TTO","Population ages 15-64, male","SP.POP.1564.MA.IN","228945","233105","236437","239728","243067","246554","250116","253687","257387","261548","267206","273994","280696","287496","294640","302121","309968","318155","326296","333770","339936","344609","348326","351687","354856","358624","363141","367832","372778","377851","383049","388562","394527","400989","407849","415096","422651","430349","438111","445906","453819","461763","469427","476521","482909","467713","471233","474745","477710","478700","481340","484388","485808","486171","486065","485518","484760","483632","486298","487230","483534","482373","481134","480727","479486","477487",
"Tunisia","TUN","Population ages 15-64, male","SP.POP.1564.MA.IN","1122728","1132066","1141501","1150662","1160579","1174526","1193413","1217304","1246842","1280329","1315818","1353368","1392943","1434647","1478679","1525052","1572094","1620183","1675859","1739041","1804861","1872733","1941268","2009029","2075982","2140865","2203537","2266778","2331915","2399276","2469361","2541548","2614476","2687617","2758965","2827408","2893887","2958933","3023820","3089563","3156329","3223683","3290548","3356378","3419701","3478277","3532288","3582952","3630632","3675205","3715841","3751951","3783683","3811170","3836179","3858687","3878188","3895622","3910716","3923792","3936236","3949963","3968274","3992533","4020368","4050086",
"Turkiye","TUR","Population ages 15-64, male","SP.POP.1564.MA.IN","7789857","7972009","8141414","8313289","8487058","8665536","8861605","9074057","9291943","9515864","9753882","10035151","10351424","10672393","11000051","11337420","11659377","11958323","12247982","12523065","12819917","13134522","13491870","13910745","14336313","14762682","15185684","15604641","16028600","16455556","16881128","17300449","17719536","18155323","18606655","19052329","19487117","19916970","20337379","20745648","21139298","21519251","21884281","22233698","22568740","22888896","23198372","23306821","23712505","24190213","24705835","25200364","25640873","26092445","26577445","27058909","27491161","27868959","28239613","28570900","28746875","28937659","29209242","29355667","29466327","29646659",
"Tuvalu","TUV","Population ages 15-64, male","SP.POP.1564.MA.IN","1485","1462","1440","1422","1401","1371","1332","1291","1254","1247","1274","1299","1323","1348","1402","1489","1587","1696","1816","1917","1995","2076","2150","2220","2279","2322","2350","2369","2386","2403","2419","2435","2447","2453","2464","2478","2492","2515","2546","2579","2614","2651","2687","2747","2831","2916","3000","3083","3171","3259","3343","3423","3490","3523","3532","3534","3530","3520","3482","3414","3344","3272","3187","3091","3013","2952",
"Tanzania","TZA","Population ages 15-64, male","SP.POP.1564.MA.IN","2533646","2609525","2689096","2767879","2847169","2926156","3005509","3087839","3183168","3292010","3404167","3520503","3646573","3777630","3908927","4045152","4186307","4330538","4470107","4596670","4704059","4803833","4913131","5072755","5248567","5448935","5684826","5938752","6174590","6359984","6548231","6733816","6921078","7226952","7668101","7991103","8066452","8175935","8404902","8644174","8919305","9164407","9383850","9612887","9849242","10092788","10343685","10603316","10853900","11056222","11295092","11625221","11992018","12401671","12838561","13353312","13938832","14516729","15051853","15556062","16096974","16671352","17249596","17828712","18424194","19041743",
"Uganda","UGA","Population ages 15-64, male","SP.POP.1564.MA.IN","2002629","2044787","2092352","2147108","2210062","2276810","2344166","2413772","2485876","2557785","2626787","2688091","2734721","2777407","2829764","2889768","2954289","3022998","3094828","3155215","3199395","3246761","3307482","3378622","3463670","3556571","3654562","3766517","3887175","4012393","4140614","4275546","4423257","4577400","4726273","4822547","4922213","5047964","5188360","5363423","5537790","5714203","5908905","6116901","6315927","6517508","6729131","6954134","7193649","7445511","7708966","7979608","8258051","8546428","8863185","9218769","9635963","10101336","10567266","11050109","11541421","12028592","12492340","12931510","13387297","13862176",
"Ukraine","UKR","Population ages 15-64, male","SP.POP.1564.MA.IN","12180021","12292398","12453834","12633331","12848376","13056059","13252748","13452716","13633431","13811599","13962867","14119775","14313222","14505385","14696147","14877404","15041540","15182695","15313999","15438801","15564078","15711689","15856994","15970341","16069141","16178123","16279436","16363846","16482677","16580576","16621370","16660452","16703418","16698829","16585148","16476135","16400735","16331666","16343729","16398153","16405503","16370945","16317915","16256044","16195036","16120910","16072761","16034029","16006804","15990779","15975129","15962782","15906030","15835082","15701448","15514572","15348369","15181210","15029026","14890501","14752452","14612496","13520788","12395791","12441434","12844701",
"Upper middle income","UMC","Population ages 15-64, male","SP.POP.1564.MA.IN","342334026","344929124","349956321","356281636","362720020","370504471","379886364","390308106","401200965","412224329","423942880","435953336","448231174","460386965","471057698","480876114","490545313","502374239","518286955","534624881","550035091","565950010","581731794","597972978","614912736","631656382","648199440","664195380","679862765","694596104","707910665","720778995","733339708","745632677","757777330","770066023","783279127","797711421","812539975","826938951","841533753","856484672","871803308","887056349","902429084","918090445","932249930","944019845","955342023","966101286","976262228","985946781","995289670","1003795498","1011637596","1018727159","1024989686","1030359862","1035524332","1040557895","1045007439","1049482442","1053012347","1056833399","1063203622","1070364833",
"Uruguay","URY","Population ages 15-64, male","SP.POP.1564.MA.IN","820416","828771","836694","844038","850727","857003","862923","868388","873279","877319","880536","883506","886522","889425","892075","894564","897310","900258","903203","906236","909344","912708","916620","921183","926157","931460","936859","942261","948079","954486","961482","968671","975299","981128","986168","990185","993743","997586","1001634","1005670","1009037","1011130","1012363","1013601","1015571","1018191","1021584","1026143","1031510","1037542","1044049","1050568","1056956","1063215","1069493","1075583","1081264","1086759","1091698","1095828","1100076","1103743","1106409","1109211","1112128","1114852",
"United States","USA","Population ages 15-64, male","SP.POP.1564.MA.IN","53046751","53672805","54498987","55359844","56194873","56971767","57791863","58700357","59632985","60594912","61651080","62884762","64209578","65555391","66894056","68264672","69602173","70918319","72188576","73415935","74439298","75415831","76322185","77177195","78018631","78918845","79820916","80565463","81209566","81824202","82655302","83689306","84764520","85890448","87040927","88260526","89547078","90948336","92364242","93780559","95178435","96427585","97577318","98668395","99853997","101079944","102278535","103283274","104166314","104952090","105729329","106434443","107057123","107623664","108269247","108946772","109625866","110180955","110609082","110943663","111150834","111089842","111425927","111960948","112671762","112896484",
"Uzbekistan","UZB","Population ages 15-64, male","SP.POP.1564.MA.IN","2086478","2119526","2160804","2208736","2264828","2337661","2426260","2521825","2625672","2734221","2841163","2946774","3057696","3178015","3309139","3452100","3605561","3767616","3930623","4088792","4246119","4403217","4558831","4712526","4864765","5018299","5175054","5335718","5498641","5657853","5799081","5932783","6070282","6203211","6337992","6479240","6626285","6782629","6950885","7128758","7314313","7512931","7721610","7929455","8137521","8354308","8584780","8822083","9056371","9283549","9504790","9717887","9916112","10095629","10258234","10403454","10535285","10662747","10785959","10907125","11028991","11153621","11290000","11441401","11597798","11747861",
"St. Vincent and the Grenadines","VCT","Population ages 15-64, male","SP.POP.1564.MA.IN","18012","18531","19057","19590","20101","20554","20959","21329","21667","21980","22276","22557","22827","23096","23370","23662","23976","24299","24631","24985","25547","26369","27225","27994","28693","29349","29972","30563","31112","31629","32134","32695","33321","33916","34437","34895","35301","35654","35944","36177","36345","36536","36818","37082","37278","37429","37542","37622","37676","37696","37657","37538","37423","37335","37236","37118","36957","36744","36477","36157","35881","35577","35207","34884","34612","34371",
"Venezuela, RB","VEN","Population ages 15-64, male","SP.POP.1564.MA.IN","2094557","2162639","2233419","2306912","2384762","2467268","2554390","2647233","2745229","2847922","2955629","3068371","3185873","3307746","3432461","3559630","3689731","3822394","3957405","4094459","4233245","4374126","4517225","4662521","4810190","4960081","5112031","5265703","5421399","5579384","5740390","5904981","6072537","6242730","6415395","6590803","6768982","6949795","7131988","7314122","7496037","7676415","7859270","8044238","8227640","8409607","8586225","8755916","8916680","9068622","9216807","9361745","9503164","9642473","9776680","9902211","9974914","9883090","9559055","9197681","9011294","8959565","8986567","9056885","9132129","9208965",
"British Virgin Islands","VGB","Population ages 15-64, male","SP.POP.1564.MA.IN","2040","2096","2135","2175","2210","2245","2305","2395","2531","2741","2901","2968","3031","3092","3152","3202","3249","3293","3334","3372","3439","3581","3770","3971","4180","4394","4608","4824","5032","5229","5430","5615","5775","5935","6104","6290","6478","6669","6855","7047","7242","7457","7717","7995","8266","8531","8797","9057","9308","9554","9681","10015","10547","11001","11408","11887","11702","11358","11991","12560","12837","13099","13385","13804","14076","14150",
"Virgin Islands (U.S.)","VIR","Population ages 15-64, male","SP.POP.1564.MA.IN","8565","9058","9536","11090","11529","12392","13280","14285","16445","18112","19129","20991","22083","23941","25316","26345","26566","25583","26319","26537","27899","28530","29056","29473","29815","30107","30354","30586","30833","31141","32299","32697","33029","33282","33443","33507","33505","33519","33531","33544","33578","33612","33687","33761","33801","33849","33873","33861","33817","33680","33498","33301","33073","32831","32590","32455","32445","32456","32464","32451","32283","31953","31567","31138","30724","30340",
"Viet Nam","VNM","Population ages 15-64, male","SP.POP.1564.MA.IN","8596791","8699275","8807417","8923701","9090453","9299652","9488150","9690651","9903515","10130422","10387899","10666653","10964103","11272504","11593876","11949839","12315461","12698059","13124416","13470758","13788880","14137849","14469700","14816840","15185410","15557730","15927460","16321871","16772361","17245046","17729047","18234673","18753747","19287605","19835637","20396380","20966099","21582794","22267515","22950949","23561732","24108820","24619034","25107503","25603275","26122751","26768218","27522330","28274235","28941301","29497665","30002809","30446682","30820291","31145217","31461428","31801865","32128559","32423829","32682448","32911193","33143784","33362157","33572739","33787583","33976759",
"Vanuatu","VUT","Population ages 15-64, male","SP.POP.1564.MA.IN","18414","18821","19255","19733","20233","20733","21259","21816","22412","23048","23727","24449","25211","26017","26865","27758","28691","29667","30680","31748","32658","33370","34077","34792","35548","36355","37223","38164","39164","40199","41332","42551","43523","44070","44806","45940","47149","48431","49779","51187","52736","54420","56149","57914","59709","61531","63378","65245","67111","68938","70511","71839","73102","74313","75516","76746","78028","79475","81078","82756","84613","86641","88850","91270","93815","96465",
"World","WLD","Population ages 15-64, male","SP.POP.1564.MA.IN","867036517","877795315","892093004","907902787","924361297","942484194","961915870","982487568","1003738298","1025726767","1048996828","1072972884","1097137927","1122039990","1145905868","1169253687","1192578587","1218316673","1248384597","1279461399","1310042633","1341186112","1372362068","1404373044","1437002918","1469430616","1501946386","1534235480","1566152039","1597422411","1628091815","1658315276","1688419850","1718458951","1748587239","1779493185","1811809966","1845613964","1880746044","1915910268","1951232178","1987050738","2023191060","2059413858","2096265375","2133504704","2169876269","2204602771","2238639808","2271493236","2303228399","2334622188","2365511693","2395032689","2423444688","2451683966","2479644571","2505851183","2530968331","2556382189","2581501673","2604576574","2630047772","2657672226","2688251555","2718636456",
"Samoa","WSM","Population ages 15-64, male","SP.POP.1564.MA.IN","26944","27555","28145","28743","29426","30146","30888","31513","32016","32551","33125","33751","34431","35170","36235","37662","39147","40318","41151","41935","42697","43468","44280","45096","45858","46568","47207","47716","48080","48349","48569","48817","49341","50014","50554","50975","51273","51480","51667","51849","52044","52268","52642","53103","53480","53831","54213","54747","55366","55919","56418","56886","57443","57997","58428","58840","59183","59322","59396","59499","59567","59709","59903","60201","60683","61290",
"Kosovo","XKX","Population ages 15-64, male","SP.POP.1564.MA.IN","275830","284606","292605","300787","309616","319275","330028","342079","346040","341219","336398","338486","347199","356301","366807","378839","392310","407196","423825","442004","461129","478306","492744","506960","521779","537152","551833","566067","575122","579408","585623","597235","613763","630611","646979","663494","679137","693859","645397","558457","533442","548008","560728","568257","573995","577876","579875","579496","577558","575040","572016","574331","583433","590580","590510","583125","583285","594051","600487","599873","603615","604944","599240","570865","542365","538973",
"Yemen, Rep.","YEM","Population ages 15-64, male","SP.POP.1564.MA.IN","1549614","1582035","1614019","1642590","1669483","1695142","1719933","1746606","1775508","1807627","1839496","1870782","1904936","1941609","1981066","2023375","2068571","2116561","2167510","2222223","2281336","2345433","2414907","2489860","2570782","2658512","2748539","2844835","2949555","3058320","3173957","3296565","3426319","3563805","3710477","3867235","4028887","4194817","4369271","4551868","4742118","4939467","5142953","5353233","5572237","5818753","6091955","6375323","6668598","6969757","7272649","7569911","7865681","8162097","8464557","8765696","9061857","9361840","9656461","9957308","10252875","10537750","10854337","11203066","11561962","11922418",
"South Africa","ZAF","Population ages 15-64, male","SP.POP.1564.MA.IN","4678878","4796479","4922093","5056371","5192908","5328756","5469102","5615562","5768188","5926064","6088545","6266161","6461994","6667255","6877568","7091705","7306514","7539073","7794498","8053172","8352904","8698821","9053443","9414390","9780572","10160433","10556326","10961915","11377345","11800718","12229519","12555756","12635761","13134375","13216917","12699103","12375993","12268367","12573797","12889973","13196113","13515088","13872452","14241482","14589339","14905335","15200250","15488333","15773047","16053536","16349299","16661056","17001497","17371104","17750137","18246308","18380645","18435502","18870294","19305097","19744207","20170431","20546517","20885509","21174842","21406717",
"Zambia","ZMB","Population ages 15-64, male","SP.POP.1564.MA.IN","796072","819165","842837","866326","889744","915250","943026","971842","1001732","1030885","1053309","1070812","1089588","1110026","1132406","1156825","1183283","1211716","1242142","1274555","1310198","1351555","1400985","1453584","1503537","1553455","1606009","1658168","1707946","1756344","1804480","1851870","1898572","1945023","1991536","2039124","2089554","2147442","2210949","2279609","2357982","2451903","2551220","2652742","2759235","2874060","2999090","3131928","3271517","3414437","3557521","3695847","3834780","3980054","4133279","4291149","4455838","4627851","4803059","4983267","5169225","5358104","5549929","5752689","5966142","6182533",
"Zimbabwe","ZWE","Population ages 15-64, male","SP.POP.1564.MA.IN","922970","944815","966674","987757","1014145","1047258","1081703","1117161","1153824","1191981","1230078","1267694","1306219","1345844","1387041","1427040","1463621","1485920","1472581","1455340","1562320","1706480","1789314","1871813","1947894","2026232","2106185","2178318","2247448","2326215","2410653","2498387","2546926","2538236","2529320","2566698","2649219","2748888","2854633","2942782","2990766","3021307","3054875","3085894","3105555","3116737","3147918","3186241","3209722","3234032","3262135","3296207","3321810","3349366","3393695","3445666","3509348","3583348","3665020","3753503","3848099","3946536","4043626","4144605","4267279","4410880",
